Price,Close,High,Low,Open,Volume
Ticker,VWS.CO,VWS.CO,VWS.CO,VWS.CO,VWS.CO
Date,,,,,
5/18/20,123.769669,123.927341,121.168141,121.246977,3165475
5/19/20,123.454338,126.607703,121.759402,124.439765,4323715
5/20/20,124.400345,124.439763,121.995907,123.414918,3395620
5/25/20,129.524567,129.958157,124.16384,124.715677,3317575
5/26/20,132.796188,135.200634,129.603413,130.667677,4339205
5/27/20,128.89389,134.806454,128.775629,133.939273,4464575
5/28/20,131.574249,132.717333,130.273478,131.180069,4244635
5/29/20,134.767014,136.146621,130.667648,131.337731,7420585
6/2/20,136.777313,137.053232,135.082377,136.225476,2652550
6/3/20,138.70874,139.378839,136.028377,137.210902,3450545
6/4/20,138.275162,138.393408,136.10721,137.959818,2482320
6/8/20,138.905838,139.930676,137.605067,139.930676,3081250
6/9/20,141.901535,142.571618,139.733598,140.048927,3479015
6/10/20,138.511658,144.148303,137.407984,141.822694,4488895
6/11/20,131.455994,135.831293,131.219501,135.791883,4364810
6/12/20,130.588837,132.165511,127.514293,128.263228,3408025
6/15/20,132.126083,132.480838,127.356619,127.987292,2704575
6/16/20,133.742203,135.791893,131.692512,135.003549,3355395
6/17/20,134.136353,135.752453,133.072089,134.491107,2906930
6/18/20,130.825333,134.175795,129.879331,132.047268,4584475
6/19/20,130.785904,132.638512,130.785904,131.968414,4307460
6/22/20,132.677917,132.677917,128.302618,129.288046,2513280
6/23/20,134.964127,134.964127,132.283763,133.821027,2588565
6/24/20,132.835602,135.752458,132.520258,135.003539,3101685
6/25/20,130.312897,133.702754,130.115799,132.047243,3048570
6/26/20,130.864746,133.663356,130.864746,131.574255,2266515
6/29/20,131.061844,132.441436,129.248661,130.667679,2315360
6/30/20,133.111526,134.018118,131.337754,131.653098,2662980
7/1/20,137.762756,138.787594,134.806474,135.003557,4021390
7/2/20,140.206589,140.521933,137.289732,138.196324,3096535
7/3/20,139.024094,141.349703,138.905847,139.53652,2363580
7/6/20,139.891266,141.113186,138.19633,140.127759,1896750
7/7/20,141.389114,141.783294,139.457685,139.536521,2579020
7/8/20,144.936661,144.936661,141.231459,141.389116,4342170
7/9/20,147.695847,148.602438,145.882649,146.828666,3700025
7/10/20,146.316238,147.538174,145.724991,147.104583,2399280
7/13/20,149.58786,149.58786,146.631578,147.025743,2146925
7/14/20,145.291397,149.666697,144.148298,149.587861,2880140
7/15/20,154.396729,154.396729,146.946901,147.577574,4004555
7/16/20,155.579269,155.579269,150.770379,152.741234,3107555
7/17/20,157.707779,159.087386,155.973432,156.131104,3038065
7/20/20,162.556091,164.48752,157.983709,158.299038,4105090
7/21/20,166.813126,167.443798,163.620336,163.856844,4052980
7/22/20,167.364975,168.15332,165.39412,166.931385,2388900
7/23/20,170.478912,171.188421,166.852547,167.916796,2720445
7/24/20,167.128479,169.099334,166.064216,169.099334,2636750
7/27/20,166.340118,167.28612,163.778002,166.143036,2522130
7/28/20,164.053925,166.300697,163.107923,165.985369,2302835
7/29/20,159.126785,164.172183,157.550111,162.122492,4251850
7/30/20,161.058228,162.832,157.668355,158.4567,3074545
7/31/20,159.993973,163.738599,159.323874,161.531237,2288380
8/3/20,164.211609,164.211609,159.205636,159.836309,2385895
8/4/20,162.98967,165.748869,160.664061,165.472951,2209240
8/5/20,166.02478,166.261288,164.211598,164.960517,2171825
8/6/20,165.551788,166.655462,164.132771,165.512378,1575135
8/7/20,168.783997,168.783997,164.724041,164.724041,2911190
8/10/20,166.931381,169.375252,166.02479,168.389824,2020550
8/11/20,182.698212,182.777048,174.14471,175.406056,7126825
8/12/20,180.885025,181.71278,178.244087,180.372599,3427655
8/13/20,183.920151,183.920151,179.190097,180.727361,3639655
8/14/20,183.052963,183.762472,181.870454,183.171225,2078840
8/17/20,184.038391,184.590243,180.727355,181.870454,1562110
8/18/20,182.501129,185.891001,181.35803,183.683639,2165180
8/19/20,182.658813,184.35375,182.067551,182.501141,2147400
8/20/20,180.806183,182.816463,179.74192,182.816463,2016755
8/21/20,183.171234,183.171234,180.530281,181.67338,1746190
8/24/20,187.743622,189.241461,183.998995,184.274913,2232655
8/25/20,186.679367,188.019549,185.102677,187.428286,1706710
8/26/20,189.556808,189.556808,184.86618,186.0881,1802775
8/27/20,185.969833,190.778723,185.102653,189.399116,2088250
8/28/20,185.772751,187.388851,183.447142,185.260324,2118515
8/31/20,186.915848,188.058947,185.418009,185.851599,2251255
9/1/20,184.866165,188.926121,184.117231,187.62535,2117575
9/2/20,192.473663,195.035765,187.625348,187.664773,3210220
9/3/20,190.857544,197.873796,189.004951,195.981778,3029585
9/4/20,182.22522,188.847293,180.017857,187.783029,3487865
9/7/20,188.216614,188.610779,182.26464,182.26464,2042515
9/8/20,181.279205,188.531951,178.362334,188.531951,3737000
9/9/20,188.216614,188.216614,181.909885,181.909885,2318975
9/10/20,185.536255,188.177208,184.432581,188.058946,1990560
9/11/20,185.536255,185.969845,183.5654,185.536255,1228735
9/14/20,186.048676,189.004957,185.063248,186.639923,1478465
9/15/20,187.191772,188.413693,185.654493,187.231183,1621415
9/16/20,190.778732,191.172897,186.915844,187.585942,2271770
9/17/20,191.961243,191.961243,188.847289,190.93639,2086665
9/18/20,192.394836,192.394836,190.226884,191.961246,3171160
9/21/20,190.187469,192.040078,188.413697,191.882406,1786115
9/22/20,188.96553,192.670747,187.034101,191.369975,1841230
9/23/20,190.778732,191.606488,188.768452,190.18747,1342615
9/24/20,188.768448,191.054646,187.112937,187.34943,1905810
9/25/20,188.571381,188.689627,186.009263,188.571381,2059215
9/28/20,192.079483,192.670745,189.202037,189.202037,1677735
9/29/20,194.917526,195.311691,190.896981,192.158327,1962580
9/30/20,202.998016,203.195099,192.591907,193.143744,4239350
10/1/20,206.939728,208.7135,199.844654,203.29365,3413725
10/2/20,206.841187,207.826614,203.195108,205.855759,1963865
10/5/20,211.965424,211.965424,205.461597,209.89602,2246860
10/6/20,209.501831,213.246442,208.516404,212.950826,2138595
10/7/20,216.3013,218.075072,210.88145,211.078532,2724430
10/8/20,218.469223,218.469223,214.330431,216.596917,2114590
10/9/20,214.823151,220.440083,211.76832,219.750287,3005945
10/12/20,222.903656,223.002205,215.512951,216.596927,2812790
10/13/20,222.706573,224.973059,220.735719,223.987632,1818170
10/14/20,228.22496,229.801635,223.002193,224.381785,2518735
10/15/20,222.706573,225.071593,219.159029,221.03135,2978070
10/16/20,223.297836,226.451201,220.735719,225.564307,2300295
10/19/20,221.228424,224.578871,220.144448,223.889075,1530335
10/20/20,220.341553,221.721145,217.483805,219.651742,2070695
10/21/20,214.428986,221.918224,214.330437,220.834263,2636815
10/22/20,208.713501,213.542089,208.713501,212.852293,3160960
10/23/20,209.304764,210.093109,205.264521,208.614968,3016035
10/26/20,202.998016,208.417866,202.012589,205.855749,2422160
10/27/20,204.968872,205.264503,197.972332,201.815508,2890455
10/28/20,200.633011,208.023716,200.534462,203.096579,3129565
10/29/20,215.90712,216.596916,205.165954,205.954298,4836535
10/30/20,215.020233,218.863409,213.837723,216.00566,2947320
11/2/20,211.177078,218.764866,210.093102,218.764866,3505180
11/3/20,219.553192,219.553192,213.049366,214.823138,3133700
11/4/20,211.866882,216.399854,191.76417,197.873817,8482760
11/5/20,227.140991,228.224967,219.553204,223.691996,4836410
11/6/20,226.943909,228.224967,220.440083,228.224967,3427005
11/9/20,220.637146,244.385948,220.045899,244.385948,6341520
11/10/20,223.494919,228.520589,217.385272,226.352652,3892105
11/11/20,232.06813,234.137534,220.932799,222.706571,3145385
11/12/20,233.644821,238.37486,229.11185,231.969583,3245180
11/13/20,231.082703,233.743353,229.30893,232.560844,2397065
11/16/20,227.83078,232.166669,222.706561,231.969572,3718455
11/17/20,227.929352,230.787085,226.845376,227.830803,2355215
11/18/20,229.604553,230.58998,226.35264,228.224961,2443535
11/19/20,234.925858,235.911285,226.057012,227.33807,2615065
11/20/20,244.780136,244.878685,235.221494,235.517125,4000850
11/23/20,242.020935,246.849522,240.641328,246.356809,2612745
11/24/20,234.925858,245.765558,234.038979,243.991801,4312755
11/25/20,235.221497,235.911293,230.68854,235.221497,3167300
11/26/20,234.137543,236.404014,230.787081,235.714217,1810605
11/27/20,243.203461,243.597626,231.378333,234.531697,3347190
11/30/20,251.382523,253.451926,243.203473,243.79472,6099860
12/1/20,244.977234,253.648982,244.977234,252.26939,3853675
12/2/20,244.780136,252.072307,242.119485,243.696175,2529165
12/3/20,235.615677,247.046625,235.615677,245.667032,3392075
12/4/20,238.867569,238.867569,234.334612,237.586526,3124190
12/7/20,244.287415,245.765555,239.458827,239.458827,2324775
12/8/20,244.385956,247.046606,242.710733,245.765548,1849465
12/9/20,245.07576,248.524755,242.71074,246.750983,2299490
12/10/20,241.035522,247.539334,236.404002,246.159741,2885065
12/11/20,246.652451,246.652451,240.838421,242.41511,2600590
12/14/20,250.002899,250.199982,244.583049,248.524758,2031110
12/15/20,253.8461,253.8461,246.751011,250.69272,2345795
12/16/20,254.535858,256.900908,251.973756,254.240242,2316510
12/17/20,258.181976,260.941161,255.718408,257.787811,2765490
12/18/20,262.714935,264.291625,258.083415,260.054269,4496675
12/21/20,266.065338,266.065338,256.506682,260.251324,2424990
12/22/20,276.510895,276.707962,266.85369,267.346403,2398120
12/23/20,274.145874,283.014719,271.091044,280.846767,2312115
12/28/20,290.70105,290.70105,276.412354,278.186111,2395990
12/29/20,287.547699,294.248623,285.182679,292.770482,2091045
12/30/20,283.704529,290.208355,283.704529,285.97103,2342115
1/4/21,290.996674,293.066077,283.408901,284.788494,3747495
1/5/21,288.434601,292.080664,284.59141,291.095237,3232730
1/6/21,297.59906,299.569915,294.248613,294.248613,3536290
1/7/21,307.453308,308.340187,301.442196,304.299929,4105055
1/8/21,307.453308,316.322154,306.467881,309.424163,4121840
1/11/21,299.865509,306.7635,293.952945,305.482457,3479455
1/12/21,280.945343,300.456792,280.058464,298.584487,5780605
1/13/21,287.547699,287.547699,269.612939,277.496358,6029795
1/14/21,284.985596,288.336043,282.916192,287.547683,3260520
1/15/21,268.627472,281.832191,266.065355,277.003603,5425975
1/18/21,271.189575,273.16043,262.517798,266.459507,3034365
1/19/21,280.945343,281.14241,270.401258,274.244419,3578310
1/20/21,282.423492,287.054983,275.131336,286.562269,4032815
1/21/21,293.558807,293.657356,284.985607,285.773937,3713295
1/22/21,288.335999,295.036891,285.773882,293.361683,2753535
1/25/21,286.759338,292.967518,283.014727,292.967518,3033415
1/26/21,276.90506,285.182643,276.11673,282.620526,2672740
1/27/21,261.433868,275.426949,255.028591,275.3284,6185875
1/28/21,268.036224,269.218749,243.597624,254.634407,5640105
1/29/21,262.911987,268.036221,258.477565,264.784323,3516595
2/1/21,261.729492,267.642056,259.068826,263.700347,2637585
2/2/21,266.656616,270.302679,263.30617,265.079927,2510185
2/3/21,271.189575,274.540022,266.459507,268.430361,2760060
2/4/21,263.8974,276.707954,263.8974,272.963342,2643820
2/5/21,263.306183,269.021649,260.546968,265.07994,2690580
2/8/21,261.926544,264.193045,253.74751,263.306166,3895980
2/9/21,251.875214,257.097966,251.875214,256.211088,4598990
2/10/21,242.119492,250.889804,237.783617,250.889804,6346130
2/11/21,256.21109,256.309639,237.783603,237.980686,4125230
2/12/21,256.408203,261.236791,252.663561,260.152815,3517945
2/15/21,260.349915,262.123672,257.787797,259.16739,2353970
2/16/21,269.317291,269.908554,259.857212,262.123683,3328570
2/17/21,263.207642,271.189609,262.123666,269.612919,3031155
2/18/21,255.718384,266.8537,255.718384,260.744069,3082570
2/19/21,251.185425,256.21111,245.469958,255.816945,3709750
2/22/21,242.513657,250.199977,242.513657,250.002895,2754260
2/23/21,234.137543,243.104923,225.564313,238.966131,6154125
2/24/21,222.706573,236.108391,222.21386,232.757929,5455205
2/25/21,233.250626,236.601087,226.648266,226.648266,4889940
2/26/21,227.535156,232.462293,223.889078,231.969579,5015665
3/1/21,231.279785,235.91129,228.816217,231.181251,3037955
3/2/21,226.451202,232.85648,225.85994,231.772504,2802725
3/3/21,214.823151,227.535157,213.34501,226.943909,4685300
3/4/21,213.837723,218.469228,210.191645,211.472703,4495425
3/5/21,205.461594,213.443561,205.165962,211.177075,5246915
3/8/21,210.19165,211.669791,201.914052,208.910592,3743035
3/9/21,224.184708,226.451193,209.30475,214.428984,5249625
3/10/21,226.549728,228.520583,219.651737,225.564301,3455605
3/11/21,234.33461,237.290892,224.381788,226.352643,4650120
3/12/21,231.181244,235.320035,227.535151,235.122953,2847620
3/15/21,229.604553,236.896709,228.619126,236.896709,2928020
3/16/21,230.787064,231.575408,225.465762,229.407471,3689955
3/17/21,217.385269,230.294358,213.345011,229.998727,5635775
3/18/21,216.3013,221.129888,212.458139,220.735723,4258490
3/19/21,219.848831,222.016768,211.472699,214.626064,5664980
3/22/21,223.790543,227.830785,215.808576,218.764857,3276660
3/23/21,226.746826,230.392904,222.016772,228.126418,3539350
3/24/21,223.199265,227.436605,220.834245,225.170119,3245945
3/25/21,224.38179,227.042441,218.863406,220.932795,3735220
3/26/21,233.940445,235.320052,226.057026,227.042454,4227820
3/29/21,239.852997,240.542808,231.0827,235.812754,3399525
3/30/21,245.371384,245.667015,240.542796,242.316553,3610070
3/31/21,256.605255,257.689231,244.681594,246.455366,5838735
4/6/21,246.159744,269.809985,246.159744,269.809985,6429880
4/7/21,241.429688,249.470778,239.498243,247.578759,4034400
4/8/21,247.184586,248.564193,240.483677,241.429694,2749380
4/9/21,248.980301,251.559782,244.853114,247.988189,2322350
4/12/21,238.146439,249.61526,238.146439,248.861246,2790210
4/13/21,238.106766,242.154583,236.598752,240.090989,2789340
4/14/21,235.88443,240.011617,234.971689,238.186136,2728430
4/15/21,240.646561,241.559301,232.511249,235.963793,2717880
4/16/21,246.04364,247.1548,239.019489,240.090971,9760730
4/19/21,242.551407,249.575558,242.273617,248.027866,2684040
4/20/21,234.455795,243.067316,233.9002,242.075204,3819340
4/21/21,239.098877,239.654457,233.066837,236.519381,2772895
4/22/21,263.504822,263.584177,237.11465,238.900453,6540805
4/23/21,260.726868,267.671648,254.655151,263.861943,4193705
4/26/21,263.187347,267.989164,261.758704,261.917446,14877200
4/27/21,274.170044,274.517289,265.38985,266.381962,2780849
4/28/21,264.000854,275.558946,260.181219,275.310919,2322031
4/29/21,256.163208,266.878,253.286076,266.878,3033404
5/3/21,245.051544,253.980548,239.594931,253.980548,3320776
5/4/21,228.582474,249.714451,224.514826,246.242061,6104988
5/5/21,246.837357,250.607383,228.681712,228.780929,5265334
5/6/21,230.566711,242.868903,230.26909,241.182317,4643046
5/7/21,243.067322,243.960216,231.658039,234.535157,3173204
5/10/21,233.939896,244.654703,232.253309,244.357066,3345012
5/11/21,226.895905,229.177764,218.264537,228.185653,4428523
5/12/21,224.713242,233.642245,224.316403,227.391939,2765495
5/17/21,225.209305,231.360393,221.836132,230.169862,3949174
5/18/21,229.5746,237.908346,226.399846,228.18565,4847147
5/19/21,224.812469,228.483279,221.538499,226.20142,2888205
5/20/21,229.177765,230.963569,223.621934,227.292759,3091460
5/21/21,230.269089,234.832793,230.269089,230.665927,2719185
5/25/21,233.14621,237.908348,230.169875,231.360406,2406956
5/26/21,233.34462,235.031206,229.773027,232.650145,2279687
5/27/21,232.054886,240.487834,231.459628,234.733599,4273022
5/28/21,236.916229,238.702033,231.856455,233.146203,1973908
5/31/21,234.932007,240.090984,234.138315,237.114649,1187042
6/1/21,236.519379,239.396511,233.741479,234.932009,1996566
6/2/21,224.316422,240.487827,223.820366,236.618598,3130919
6/3/21,222.133743,228.880104,219.851899,225.506931,2024154
6/4/21,223.820358,224.018778,214.891355,222.332191,2856891
6/7/21,219.157425,224.316417,216.677146,223.820361,1992559
6/8/21,216.677155,220.943237,214.593729,220.149545,756218
6/9/21,216.081879,218.661359,213.998439,215.685025,2335986
6/10/21,214.097672,217.570062,208.938695,216.181097,2536636
6/11/21,212.014236,216.875592,211.121342,215.685046,2071858
6/14/21,222.530609,223.026665,213.204752,214.4945,3549173
6/15/21,224.415619,226.399842,219.752698,223.820361,2766034
6/16/21,233.74147,236.023315,225.110088,226.201417,3861048
6/17/21,232.253296,236.122524,226.895885,232.848554,2748293
6/18/21,227.094315,237.511485,225.804582,235.130424,3894825
6/21/21,229.773026,231.558814,223.52272,226.895893,2108058
6/22/21,229.872223,232.352502,226.49905,232.352502,1681060
6/23/21,226.102203,234.634368,225.606148,234.138313,1579258
6/24/21,231.856461,231.856461,225.308534,226.697484,1761440
6/25/21,232.054886,234.237543,228.384076,233.146215,1723198
6/28/21,233.34462,234.336731,230.963558,232.054872,1512489
6/29/21,246.837357,251.202641,231.161991,235.824912,4198925
6/30/21,242.868896,249.218404,239.297289,248.920768,3037109
7/1/21,251.996307,257.750542,246.440477,249.11919,4325887
7/2/21,243.662582,254.972647,243.364946,254.17897,2490666
7/5/21,243.364944,244.158637,239.495701,243.662581,1317696
7/6/21,249.218414,250.508162,241.678376,243.464164,1754245
7/7/21,251.004211,255.865552,246.638927,250.508156,2370392
7/8/21,244.555481,252.393156,244.555481,248.722346,2431148
7/9/21,239.793335,248.623136,236.916218,245.349165,2566162
7/12/21,246.936554,247.531827,238.999662,240.686263,1880355
7/13/21,245.84523,246.440488,241.47993,245.448376,1390002
7/14/21,242.868896,245.249958,240.48782,244.6547,1419571
7/15/21,227.29274,232.749353,224.614027,227.987215,5578852
7/16/21,225.209305,230.566701,224.51483,228.483276,2910312
7/19/21,226.598267,226.99512,215.585838,223.721149,2711929
7/20/21,224.812469,231.06276,223.820358,227.689587,2248359
7/21/21,234.932007,234.932007,225.010892,225.60615,2043335
7/22/21,244.456268,245.349178,235.328846,236.122538,2704833
7/23/21,232.154083,246.638917,232.154083,244.654694,2408694
7/26/21,231.955673,235.527266,231.261198,233.146204,1303553
7/27/21,226.102203,233.642257,225.01089,231.459615,1826510
7/28/21,229.971451,231.55882,222.332195,224.217201,1608416
7/29/21,228.284866,232.947787,227.888013,230.765145,1537304
7/30/21,229.376175,232.253307,223.721142,226.201421,2029388
8/2/21,234.138321,235.22965,229.177763,230.963567,1791328
8/3/21,237.114639,238.503589,233.741466,234.733578,2320146
8/4/21,243.464157,243.464157,235.924119,238.5036,2066700
8/5/21,243.761795,245.051543,241.182314,243.563376,1456488
8/6/21,246.738129,247.829457,242.174425,245.051542,2149567
8/9/21,248.226303,250.905001,246.142878,246.142878,2117805
8/10/21,245.249954,253.5837,244.059423,250.012092,2602218
8/11/21,240.090988,244.753909,226.499063,228.18565,5385632
8/12/21,231.161972,242.571254,230.070643,239.495702,2666501
8/13/21,239.694138,242.273618,232.154084,232.154084,1938557
8/16/21,239.19809,239.991767,235.527265,237.213867,1003752
8/17/21,235.924118,237.908341,233.344622,236.817012,1577624
8/18/21,242.472046,243.464157,234.336735,236.320958,1636563
8/19/21,246.638931,247.03577,239.198095,239.991772,1999442
8/20/21,250.111313,252.889213,247.035761,248.027873,1882846
8/23/21,253.583694,253.782114,247.234172,251.301835,1686175
8/24/21,257.849762,260.330041,253.087639,255.766322,1828990
8/25/21,254.476593,260.429262,254.476593,257.254493,1397795
8/26/21,256.361603,257.452931,253.286066,254.079758,1410563
8/27/21,252.790009,257.452929,248.920765,252.988428,1907344
8/30/21,252.988434,254.17898,250.210519,252.790015,1240939
8/31/21,252.293961,260.82611,250.012101,254.972659,2982012
9/1/21,254.575806,259.337929,253.286058,255.4687,1682070
9/2/21,263.504822,263.802443,252.393161,255.964768,1923836
9/3/21,263.405609,267.175621,260.131653,263.504826,1914727
9/6/21,261.818207,266.183491,260.726878,264.100081,659746
9/7/21,262.314301,264.000902,258.84191,261.917462,1147842
9/8/21,250.508163,261.818229,248.72236,261.520608,2593499
9/9/21,250.408936,251.004208,244.654701,249.615258,1490712
9/10/21,248.027878,252.29396,246.440493,252.29396,1477781
9/13/21,258.742676,258.841893,246.341297,248.027883,2179985
9/14/21,257.750549,259.13953,253.385265,258.742661,1445903
9/15/21,250.408936,259.635591,248.127091,257.750555,2281690
9/16/21,252.889221,257.750562,250.30974,251.301852,1725906
9/17/21,245.746017,254.575819,245.349179,252.492379,2804137
9/20/21,245.349182,245.845238,239.297296,242.075211,1945390
9/21/21,249.516037,249.813673,244.654697,245.349172,1670565
9/22/21,254.377396,255.865563,250.111328,253.286082,1589068
9/23/21,264.397705,266.381928,256.262379,257.849763,2825502
9/24/21,258.345825,263.207165,255.567925,262.909544,1359656
9/27/21,259.63559,264.199278,256.361604,261.520595,1628569
9/28/21,255.964752,259.933198,251.202614,259.635577,2724328
9/29/21,264.19928,266.481154,256.163201,257.552151,2655861
9/30/21,255.468719,267.374058,255.468719,266.878002,3280163
10/1/21,246.242065,255.66714,244.654696,251.599476,2007657
10/4/21,228.384064,243.464155,227.788806,243.067317,3497091
10/5/21,228.384064,231.062762,224.316416,227.491169,2831800
10/6/21,231.558823,232.154096,217.966898,225.804588,3475928
10/7/21,227.888016,233.046993,226.300646,232.947791,2931442
10/8/21,220.744812,229.773033,220.050337,228.780921,2689722
10/11/21,222.332184,222.82824,216.280298,219.256632,2012580
10/12/21,233.939896,235.328846,218.562167,219.058223,2799271
10/13/21,245.150757,245.547595,231.658034,234.733586,2166506
10/14/21,242.075195,247.531808,239.892553,245.944424,1959270
10/15/21,250.0121,250.805792,240.884677,242.670481,2706352
10/18/21,247.234177,250.111309,245.249954,248.920763,1888780
10/19/21,250.111313,250.805788,243.662588,249.019984,1916821
10/20/21,264.59613,265.489025,249.714444,250.111297,3086994
10/21/21,269.755096,269.755096,261.619801,263.207155,2011933
10/22/21,272.136169,280.271496,266.679556,269.358269,2303879
10/25/21,267.770905,275.509393,263.008781,273.922008,1708728
10/26/21,270.846436,273.921987,266.381934,268.862213,1798441
10/27/21,271.342468,273.227474,263.604011,270.94563,1796678
10/28/21,277.493591,278.684107,265.786658,268.564588,1995487
10/29/21,276.104645,283.446295,273.029123,277.493625,2689964
11/1/21,276.69989,280.271498,274.318829,278.78333,1992381
11/2/21,264.397705,276.699881,264.397705,275.112497,3170863
11/3/21,216.280304,240.983874,216.280304,225.209307,16321773
11/4/21,218.363754,224.117989,215.685041,219.455068,6167987
11/5/21,208.343414,218.264529,208.343414,218.165312,4803172
11/8/21,222.232971,222.232971,210.724472,213.204751,4542017
11/9/21,221.340073,226.399832,217.470829,221.340073,2901582
11/10/21,228.681702,229.177757,218.363748,222.927452,2922214
11/11/21,229.078537,229.773027,222.034554,228.582481,2101111
11/12/21,236.221756,236.221756,228.185647,228.880122,3046705
11/15/21,230.169861,234.931999,228.384057,234.931999,2558215
11/16/21,228.97934,231.757255,225.804586,230.566709,2660343
11/17/21,230.070648,231.856452,226.598258,229.773027,1653494
11/18/21,230.566711,234.039102,228.780923,230.169873,1659175
11/19/21,222.92746,232.1541,221.736929,230.566716,4132730
11/22/21,217.272415,221.042442,212.708696,217.96689,4383224
11/23/21,210.625275,217.470838,210.129219,214.296084,3149424
11/24/21,212.014236,214.296096,208.839482,210.625286,1914046
11/25/21,223.621918,223.721135,212.708692,212.708692,2719934
11/26/21,222.034561,223.621931,211.418971,213.601613,2828614
11/29/21,219.752686,227.094304,219.554266,222.332181,2347642
11/30/21,218.264542,221.439296,212.510292,219.653492,4791370
12/1/21,216.181091,220.94323,212.014226,220.94323,2462991
12/2/21,205.863144,214.593728,201.597061,214.593728,4676905
12/3/21,201.398636,207.152886,199.811251,202.688384,3285609
12/6/21,201.100998,207.152884,198.918356,202.986019,2377784
12/7/21,213.50238,214.097653,202.688372,203.08521,3233503
12/8/21,213.303986,220.050347,211.915035,213.502405,2836701
12/9/21,210.228424,217.272422,209.533949,215.188982,2055490
12/10/21,203.680496,208.442634,203.680496,208.343417,1862087
12/13/21,202.48996,207.946573,200.803358,204.474183,1933316
12/14/21,192.023178,204.176544,191.874352,201.795467,4140378
12/15/21,192.568848,204.573388,190.286988,192.46963,4023747
12/16/21,196.586899,203.085233,194.999529,198.422311,3457247
12/17/21,192.668045,192.717654,186.21932,192.717654,4808729
12/20/21,188.649994,190.138161,168.758171,168.758171,3507391
12/21/21,190.634216,195.098718,188.6004,192.469629,2362871
12/22/21,192.420029,193.461749,189.096464,190.882253,1532740
12/23/21,194.453857,194.949913,192.320824,193.709774,1079353
12/27/21,196.487686,197.876636,194.305044,194.900302,1010513
12/28/21,192.370407,197.281371,190.683821,197.231762,1389929
12/29/21,193.957794,196.586884,188.798818,192.469627,1870918
12/30/21,198.422302,198.819141,193.709773,193.9578,1974753
1/3/22,196.735718,198.323087,191.527132,196.586892,2105395
1/4/22,197.281372,203.581271,196.190043,198.719931,2352228
1/5/22,195.297165,198.323093,191.675949,198.323093,1768305
1/6/22,186.219315,190.286978,183.838253,189.493285,2931504
1/7/22,180.812317,186.26893,180.613898,185.574455,2388930
1/10/22,178.877701,185.128006,177.835981,183.639839,2023389
1/11/22,181.109955,186.020904,180.713101,181.953241,1950804
1/12/22,182.102066,184.284708,179.572179,182.151675,1784424
1/13/22,185.872101,188.69961,182.201276,183.540633,2246076
1/14/22,182.151688,184.68156,179.076136,183.937476,1940034
1/17/22,183.59024,185.723274,181.903654,183.143793,1574649
1/18/22,180.861938,183.689447,174.810052,182.796553,3581551
1/19/22,181.159561,184.383923,176.69506,179.572177,2721197
1/20/22,192.122391,192.122391,180.514689,182.002856,3393454
1/21/22,174.760437,183.54063,174.065962,183.54063,10304736
1/24/22,172.627396,176.298205,163.400756,174.760429,4287410
1/25/22,164.740112,177.290316,163.996029,173.966752,3168797
1/26/22,174.313995,176.24861,156.753624,161.714182,6159945
1/27/22,173.619507,176.199003,166.724335,167.269999,3330459
1/28/22,166.773956,174.710849,166.228292,172.925045,1761662
1/31/22,175.554123,175.554123,168.510141,173.024236,2916275
2/1/22,168.658951,181.109953,167.270001,178.332038,2894276
2/2/22,172.726608,174.859642,167.567617,172.577782,2374849
2/3/22,167.418823,171.883325,165.732237,171.18885,3087923
2/4/22,164.988144,170.494366,161.862984,170.494366,2305900
2/7/22,164.690521,168.21252,163.301571,166.922772,2039678
2/8/22,159.680344,165.980258,157.89454,164.69051,2480619
2/9/22,167.170792,169.254232,161.218122,161.862989,3147000
2/10/22,162.954315,169.601459,157.795338,168.708565,3566870
2/11/22,165.533798,169.551837,158.68822,160.275605,3299454
2/14/22,161.515747,165.732221,158.638615,161.168502,2441569
2/15/22,173.619507,175.206891,161.069303,163.251945,3856879
2/16/22,171.040024,176.9431,168.807773,175.603743,3049138
2/17/22,169.601456,172.726616,168.460534,171.040014,2107541
2/18/22,163.053528,174.165173,163.053528,171.188839,2571612
2/21/22,161.267731,168.410931,159.38271,165.633015,2247210
2/22/22,161.317337,168.262118,156.059143,157.844947,3240890
2/23/22,160.474045,163.748016,159.481933,162.359051,2780268
2/24/22,178.877701,181.109952,150.106468,152.388328,5632319
2/25/22,187.459473,191.03108,175.256498,182.002859,8948727
2/28/22,215.784256,217.173206,185.624072,187.013022,11693962
3/1/22,212.708694,219.157419,205.962349,215.784246,6472021
3/2/22,200.108887,214.296084,196.934133,208.244198,5935631
3/3/22,194.057007,207.748133,189.493288,199.51362,3212995
3/4/22,194.106613,203.382862,192.866474,198.422304,3472393
3/7/22,211.319748,213.899244,195.297153,197.430187,6831591
3/8/22,233.54303,235.229631,215.288185,215.685024,7847123
3/9/22,218.76059,239.99177,212.510284,238.106764,6438783
3/10/22,207.549713,221.240854,203.382848,218.26452,4813101
3/11/22,212.510269,217.073988,208.343404,215.585821,3533016
3/14/22,202.390747,214.395302,202.093111,214.395302,3094586
3/15/22,195.991623,200.108879,190.53501,200.009677,3856833
3/16/22,202.48996,205.168658,194.801096,202.291525,3807558
3/17/22,208.145004,211.121339,205.16867,206.160781,3310264
3/18/22,206.756027,208.839467,201.100995,208.343412,3476526
3/21/22,202.48996,206.954461,198.719933,206.756027,2189963
3/22/22,200.406525,202.489965,197.727827,200.803363,1930439
3/23/22,193.61055,202.886798,189.79093,202.390743,2755443
3/24/22,190.386185,196.28926,189.790927,194.949904,2065199
3/25/22,188.997238,195.495571,187.657882,191.675936,2338669
3/28/22,186.120117,190.187765,183.044566,189.49329,2967816
3/29/22,188.600388,191.576722,183.887858,188.50117,2565696
3/30/22,199.315201,201.200222,185.524857,188.501191,2895911
3/31/22,198.174271,201.001794,195.098719,199.513627,2903786
4/1/22,208.393021,209.137104,202.589162,203.382855,3321441
4/4/22,198.719925,211.022101,195.505478,208.343403,3026792
4/5/22,215.784256,221.935344,204.374973,205.962358,5798374
4/6/22,209.245041,217.841423,207.505887,216.400413,3238388
4/7/22,207.456192,215.90351,204.276028,204.276028,3173655
4/8/22,212.524597,212.524597,206.760542,208.698453,1996060
4/11/22,209.095963,214.114666,205.766734,211.083567,2337977
4/12/22,201.145538,210.437594,198.959177,207.605252,2480827
4/13/22,199.108261,200.748029,194.566578,200.698335,2065996
4/19/22,202.039978,202.039978,194.983977,200.102067,2289636
4/20/22,207.257431,209.046278,193.79141,197.766618,3396447
4/21/22,200.151749,208.300938,199.85362,208.300938,2502374
4/22/22,192.67836,196.534302,190.61125,196.176533,9575889
4/25/22,188.504379,197.170335,187.530457,188.822403,2912930
4/26/22,176.777527,191.306909,174.372528,191.306909,4628782
4/27/22,178.447113,180.712981,173.756366,175.366335,2792656
4/28/22,176.10173,179.917927,173.19983,179.639663,2216727
4/29/22,181.68692,182.819854,178.466996,178.844645,2008126
5/2/22,167.415909,176.678137,161.194698,169.622136,5061408
5/3/22,173.25946,174.84955,168.946363,171.19235,2493486
5/4/22,172.842072,176.121622,168.946369,170.258195,2332719
5/5/22,172.106644,179.083139,171.291734,175.08805,2397512
5/6/22,163.599701,172.444549,161.731363,170.178681,3383979
5/9/22,152.727509,163.957476,152.727509,161.492851,2963934
5/10/22,150.759781,155.371022,150.064122,155.251771,3654099
5/11/22,153.999588,154.933749,147.917509,149.765981,2906565
5/12/22,147.221848,151.475319,140.782014,150.700155,4409630
5/16/22,148.652924,151.415692,145.09511,145.45288,3007180
5/17/22,151.713837,155.987189,148.136143,149.54734,2461414
5/18/22,155.808304,163.321446,152.568514,157.020744,4218094
5/19/22,156.384705,159.207099,150.859167,156.980992,2876411
5/20/22,155.708908,159.12759,151.972218,158.710195,3527758
5/23/22,163.063049,165.050654,158.451808,160.499038,3613029
5/24/22,169.105377,174.153894,159.823269,159.863014,5622639
5/25/22,167.018387,172.484299,164.0171,168.707847,4025753
5/30/22,178.526611,179.24215,170.596075,174.551403,4107425
5/31/22,175.962601,182.0248,175.962601,178.526612,8827798
6/1/22,175.088058,177.771336,173.239601,176.00237,2787671
6/2/22,174.29303,176.240874,172.265665,175.207326,1588089
6/3/22,173.418472,178.784998,173.100448,176.89678,1386215
6/7/22,180.613602,180.951491,173.656987,174.412271,2636147
6/8/22,181.508026,183.8534,179.36141,180.931619,1984670
6/9/22,178.645859,183.018597,176.678135,180.3552,2113810
6/10/22,174.412277,178.486872,173.577487,176.638399,1774225
6/13/22,162.228271,172.146413,161.532598,171.828389,3171468
6/14/22,159.286606,167.157517,158.054286,163.182308,2334180
6/15/22,161.115204,165.984844,159.306492,162.923931,2861721
6/16/22,160.518921,163.73883,156.643084,160.161152,2474962
6/17/22,161.313965,165.150026,159.723875,160.658052,3084552
6/20/22,170.536453,172.742695,162.12888,162.48665,2606043
6/21/22,173.160095,174.312894,167.614677,171.291742,1812031
6/22/22,173.517853,174.233392,167.694172,169.005983,2282283
6/23/22,167.097885,171.868138,166.362466,171.868138,2258571
6/24/22,163.480453,168.409719,161.373598,166.740123,3189927
6/27/22,167.038269,169.304137,163.997237,164.355006,1890369
6/28/22,166.342606,170.933967,164.792277,167.674297,1701223
6/29/22,157.656769,166.004701,155.72879,163.977351,3012359
6/30/22,148.970932,155.907682,147.659121,155.152382,3943194
7/1/22,153.02565,157.418254,146.585816,147.579619,2503237
7/4/22,153.920074,158.09404,151.713833,153.184655,1515803
7/5/22,156.00705,157.597139,148.315031,154.83437,2463245
7/6/22,158.849335,160.757433,153.423183,158.034425,2496722
7/7/22,165.686691,165.686691,159.147471,160.976064,3151287
7/8/22,169.801025,169.801025,163.102794,166.561236,2064300
7/11/22,170.834579,178.645865,165.030779,168.051946,3474053
7/12/22,174.531525,176.300491,168.568712,169.463143,2593353
7/13/22,170.93396,178.387476,165.388542,174.889288,3375769
7/14/22,166.163712,173.696733,166.163712,169.940163,1886028
7/15/22,160.757431,165.945079,157.120127,164.971158,6779246
7/18/22,165.587311,167.594795,161.989752,161.989752,1648478
7/19/22,165.010895,166.561239,161.373591,161.969863,2037246
7/20/22,169.542648,169.860657,164.991033,166.958757,1370111
7/21/22,166.720245,170.615948,166.183599,167.89294,1653063
7/22/22,173.875626,174.869428,166.581107,167.71404,1829870
7/25/22,169.343872,172.48429,168.171193,172.48429,1711415
7/26/22,160.300293,171.132731,155.013258,169.363764,3713677
7/27/22,160.041885,162.128876,156.424446,160.300284,1983736
7/28/22,185.403717,191.326784,168.807225,171.927763,9625103
7/29/22,188.36525,191.66468,185.304352,187.768977,4229816
8/1/22,184.807449,189.796325,181.965175,187.828601,2242906
8/2/22,186.854675,188.067115,176.101729,178.685621,2319030
8/3/22,183.29686,187.629837,182.581321,184.906814,1758727
8/4/22,188.345383,191.306909,182.303064,183.296866,3089582
8/5/22,193.15538,198.720678,190.849752,191.803809,3910114
8/8/22,184.886948,194.546706,182.163939,192.45973,3604509
8/9/22,180.871994,184.926709,177.71171,184.886948,2160981
8/10/22,196.772827,203.630056,181.885675,188.246003,5720078
8/11/22,198.859818,199.803927,190.293233,193.294519,3286865
8/12/22,191.644806,198.561676,190.054732,194.188937,3136640
8/15/22,189.478317,194.427448,187.450952,189.060922,2144463
8/16/22,188.405014,190.074594,186.198772,188.882035,2057980
8/17/22,193.672165,194.506955,187.311822,188.405011,2071228
8/18/22,189.796326,193.87092,189.557823,193.095756,1597451
8/19/22,190.372726,195.560375,189.140422,190.531738,2098486
8/22/22,186.695663,188.226112,183.356488,188.226112,1490466
8/23/22,185.443481,189.41869,184.847194,185.522972,1915501
8/24/22,187.689468,188.504378,181.945293,182.87947,1856647
8/25/22,191.744186,192.658483,188.325505,188.822406,1381873
8/26/22,189.060928,193.711915,187.828608,191.346661,2095658
8/29/22,182.263306,187.351583,182.263306,184.449682,1407885
8/30/22,185.841003,188.524266,183.157741,183.416124,1662845
8/31/22,185.264587,188.723014,183.098106,185.264587,2704782
9/1/22,173.676849,180.653344,173.358841,179.02351,2970826
9/2/22,178.884384,179.7788,173.776242,179.500537,2220191
9/5/22,182.799973,183.416125,174.014765,174.193642,1826962
9/6/22,174.511658,188.027357,174.29302,181.368886,2488198
9/7/22,176.578751,178.506729,169.343873,172.921566,2212547
9/8/22,181.011124,181.388773,174.630916,179.758938,1972954
9/9/22,180.991241,184.370178,180.216077,182.06455,1559424
9/12/22,182.203674,184.648434,180.752732,182.024797,1393404
9/13/22,174.412277,184.231047,173.915376,183.356497,1777158
9/14/22,172.384918,177.274423,170.715323,174.412268,2877834
9/15/22,167.435776,172.504173,166.9985,172.32528,2245640
9/16/22,161.771103,166.799739,158.968589,166.302838,4156145
9/19/22,153.701447,161.33384,153.204545,160.697807,2152368
9/20/22,150.103867,157.020736,147.440484,154.218207,2853891
9/21/22,156.046814,156.12632,148.454166,148.652924,2448986
9/22/22,149.348587,155.192149,148.77218,152.548631,2312215
9/23/22,148.931183,149.96473,145.572127,148.215644,2172648
9/26/22,147.201965,150.42189,145.631756,146.76469,2238762
9/27/22,148.056641,154.536235,147.062838,147.400743,3302872
9/28/22,146.168427,149.288965,141.875194,144.101316,3113553
9/29/22,138.019241,146.208161,137.661472,143.743536,2827136
9/30/22,140.742249,142.073955,135.494975,139.132294,3015612
10/3/22,140.364624,141.437932,131.221632,138.138502,3717186
10/4/22,148.175903,148.593298,142.034198,143.604407,2879848
10/5/22,142.709991,150.521277,140.424244,147.579616,2589236
10/6/22,140.304977,144.896354,140.285112,143.564662,2200589
10/7/22,137.522339,142.352218,137.522339,139.470182,2054126
10/10/22,136.309906,140.126103,133.845266,135.554607,2060745
10/11/22,134.163284,136.588164,132.215426,135.832865,2001158
10/12/22,134.163284,134.680066,130.843989,133.666383,3143873
10/13/22,134.044037,138.39688,130.486223,133.169486,2919316
10/14/22,139.94722,143.167129,137.184436,139.132295,2825674
10/17/22,140.762131,142.034196,137.244078,138.635395,1877711
10/18/22,144.856598,146.088918,140.92115,142.411853,1845773
10/19/22,143.485153,145.452877,140.285109,144.141051,1517898
10/20/22,140.90126,142.670227,137.97948,142.47147,1739926
10/21/22,139.331055,142.590724,137.403076,141.00065,6235837
10/24/22,142.511215,144.001918,140.642878,142.054075,1653790
10/25/22,142.113708,144.975864,136.369533,144.101313,2904368
10/26/22,150.680267,151.813201,143.385764,143.505015,2253919
10/27/22,150.56102,151.534942,148.315033,150.421888,1833847
10/28/22,147.679001,149.050437,146.923702,148.334899,1308511
10/31/22,147.480225,149.229326,146.029282,148.77217,2397885
11/1/22,149.070313,151.455431,147.678996,148.732423,2506377
11/2/22,156.066681,162.466769,140.881385,141.179529,7144693
11/3/22,158.670456,162.745036,148.076521,148.076521,3795153
11/4/22,153.403305,162.705294,152.926284,159.942525,2492992
11/7/22,160.220779,160.220779,153.900197,153.939943,2324819
11/8/22,167.177399,168.449464,158.630694,163.639465,3264811
11/9/22,166.461853,168.449457,163.222064,166.561239,2509701
11/10/22,186.09938,188.663392,163.977351,164.971153,4983615
11/11/22,181.567642,188.464631,178.924125,188.464631,3133369
11/14/22,174.929062,182.342818,173.239601,182.283192,3024088
11/15/22,179.758942,182.064555,169.502896,175.207326,2525238
11/16/22,173.140213,180.076948,171.967519,178.864508,1625258
11/17/22,173.716614,175.922856,170.675582,174.670655,2197756
11/18/22,172.206039,174.829677,170.059423,174.710425,2470984
11/21/22,168.489212,172.00728,166.183599,172.00728,1973895
11/22/22,172.981201,174.432159,167.356277,168.489211,1396496
11/23/22,176.399872,177.691818,170.655697,172.921564,1415935
11/24/22,181.40863,181.726654,176.121611,176.47938,1672175
11/25/22,177.393677,181.170128,176.43962,181.170128,1301643
11/28/22,173.835861,178.546489,173.398586,175.425951,1544042
11/29/22,174.988678,176.340249,172.24579,173.756358,1745225
11/30/22,178.347733,183.396234,176.002359,176.042104,6111532
12/1/22,180.096817,185.741606,179.719167,181.806158,2454408
12/2/22,182.978836,184.727937,178.486862,181.050858,2013681
12/5/22,187.828598,190.452235,182.581324,183.177611,2000412
12/6/22,185.801254,189.438559,184.390042,186.258395,1340636
12/7/22,184.529175,186.039758,182.859594,183.853397,1587132
12/8/22,189.816208,190.770265,183.098111,184.191284,1951679
12/9/22,202.039978,202.139349,189.816209,190.054727,3616554
12/12/22,201.493378,202.238729,197.170332,199.754224,1617543
12/13/22,204.176651,210.536994,197.885882,201.841225,2429029
12/14/22,204.673538,206.263628,202.288419,204.872296,1826620
12/15/22,200.400192,204.325723,198.223778,203.729435,1891757
12/16/22,192.419968,199.157945,191.4063,197.249847,3711356
12/19/22,195.62001,197.707001,192.400101,192.956628,1172158
12/20/22,189.816208,193.493273,189.021163,192.141701,2206281
12/21/22,192.559097,194.725594,189.498185,190.810011,1343059
12/22/22,195.023743,197.26973,192.79762,192.79762,1501185
12/23/22,197.011337,198.223777,194.546697,194.82496,1026423
12/27/22,199.952988,201.493384,197.170339,197.170339,1037385
12/28/22,198.46228,201.49338,196.097042,199.90329,1194200
12/29/22,202.487183,203.679742,197.766623,198.263524,1388083
12/30/22,200.847412,204.077269,200.251125,201.741828,1393174
1/2/23,200.44989,205.071079,198.700804,202.238737,1497966
1/3/23,199.505783,203.878507,194.586465,202.039982,2033979
1/4/23,190.372726,206.462385,190.372726,200.300815,3522487
1/5/23,193.393906,197.985267,190.710628,194.387708,2156222
1/6/23,198.81012,199.754229,192.101955,193.533033,1788979
1/9/23,201.592773,204.375407,198.303276,199.754233,1845235
1/10/23,197.468475,201.344313,196.792697,200.748025,1901926
1/11/23,209.394104,210.835114,200.996479,203.530678,3069455
1/12/23,212.574265,213.220245,206.760531,209.891002,2203570
1/13/23,212.971802,216.102272,209.145657,210.735747,1659760
1/16/23,214.860016,215.953204,210.437599,211.679852,1752920
1/17/23,212.574265,215.406607,206.810224,213.269938,2628689
1/18/23,209.294739,212.623967,207.108362,209.692254,2084874
1/19/23,199.90329,207.207741,199.853612,207.207741,3039082
1/20/23,200.797729,201.344324,194.785223,196.772828,15295202
1/23/23,201.692139,206.064877,199.853614,203.232535,1269830
1/24/23,200.499573,206.064871,198.959176,201.692132,2076963
1/25/23,195.460999,200.499583,195.083364,199.754231,1772404
1/26/23,196.315659,200.350508,194.069671,196.991452,1569877
1/27/23,191.06839,198.959181,185.344095,186.496909,4159800
1/30/23,192.737991,193.175267,186.457154,188.921795,2466080
1/31/23,197.547989,199.356716,191.88332,196.494561,2647271
2/1/23,196.593948,203.033782,195.381509,199.555475,1647276
2/2/23,203.530685,204.07728,197.76663,198.760432,1525969
2/3/23,200.44989,202.735638,197.369113,202.735638,1570350
2/6/23,200.002686,200.102072,195.639895,198.810126,1436146
2/7/23,198.343033,202.039978,197.428737,201.095869,1568697
2/8/23,207.207748,213.468705,194.66597,194.785222,3891929
2/9/23,214.561874,214.561874,205.915799,207.207745,2315106
2/10/23,211.779236,214.661256,209.245037,214.661256,1661731
2/13/23,210.437607,211.779246,207.406507,211.779246,1380749
2/14/23,206.909607,211.133266,206.164255,210.686058,1203806
2/15/23,206.512085,209.891006,205.46859,207.15805,1355320
2/16/23,205.269836,209.592867,202.338123,208.102163,1885914
2/17/23,203.729431,203.928189,201.046169,203.381594,1419417
2/20/23,203.828827,205.965495,202.089673,204.574179,832996
2/21/23,201.99028,205.170444,200.102062,202.139344,1475470
2/22/23,196.236176,200.797724,194.089559,200.748031,1960292
2/23/23,199.754227,202.238732,194.904467,197.766622,1604019
2/24/23,197.190216,202.487183,196.196414,199.257326,1987120
2/27/23,196.911957,197.528109,195.480879,196.772825,1111039
2/28/23,199.35672,200.598973,194.665973,196.116915,2984273
3/1/23,207.307129,208.449995,199.605162,200.400192,2488488
3/2/23,202.785324,207.058676,202.785324,205.667344,1380781
3/3/23,202.685944,203.878503,198.382779,199.307022,1256909
3/6/23,205.816422,206.015179,202.636243,202.735629,1265664
3/7/23,202.238739,207.605265,202.238739,205.667353,1237604
3/8/23,203.97789,204.474791,199.605167,201.642449,1242313
3/9/23,209.940704,211.580472,201.095871,204.623857,1959175
3/10/23,203.828827,211.133264,202.884703,210.686056,2056690
3/13/23,199.853607,203.828816,192.598849,203.828816,2108290
3/14/23,208.201553,213.071178,198.740552,199.654849,2112054
3/15/23,195.00386,210.984201,194.785223,208.350616,2948588
3/16/23,196.494553,200.996475,190.372728,197.866004,2771802
3/17/23,189.041046,199.704539,187.689475,195.798904,3471984
3/20/23,193.791412,195.182729,183.455876,189.041039,2116381
3/21/23,196.574066,201.344319,193.990175,194.288318,1578313
3/22/23,195.14299,197.329352,193.771538,196.911957,961170
3/23/23,193.831161,196.375308,191.962824,193.950428,1737617
3/24/23,187.252197,193.21501,184.211165,192.976492,1877297
3/27/23,188.36525,190.750384,187.888229,189.59757,1787807
3/28/23,186.23851,189.617446,182.919215,188.822402,1648176
3/29/23,187.272079,188.226121,184.052155,186.854684,1702559
3/30/23,197.090851,199.85362,193.473396,193.473396,2519415
3/31/23,197.766617,198.601407,193.354133,196.196408,1688473
4/3/23,200.897095,206.313328,200.002679,202.835021,2030456
4/4/23,196.176529,203.182837,195.381499,200.897089,1897909
4/5/23,196.275925,196.275925,191.863441,195.083365,1836623
4/11/23,192.519348,196.534302,190.949139,196.156668,2023131
4/12/23,194.964096,196.295802,190.412496,193.751671,1802481
4/13/23,192.698227,197.349229,189.716821,194.964095,2139876
4/14/23,193.43364,195.560375,192.698221,193.692023,1421610
4/17/23,191.406296,195.699513,190.511865,194.506954,1440062
4/18/23,193.175262,197.210097,191.406296,191.406296,1753968
4/19/23,191.843552,191.843552,185.443479,190.929256,2507418
4/20/23,186.139145,191.267168,182.144056,191.267168,2425163
4/21/23,186.735413,189.319304,184.90682,187.590083,2220364
4/24/23,187.629852,190.074597,185.681993,187.033565,1467107
4/25/23,183.813644,188.226113,183.157731,186.079512,1989197
4/26/23,178.586243,182.859595,178.089342,182.859595,2459215
4/27/23,184.807449,185.681985,177.294293,178.884382,1640667
4/28/23,185.304352,185.920504,182.859592,184.946582,1580380
5/1/23,185.701874,187.908116,184.906829,186.437293,441865
5/2/23,185.602478,187.550337,183.038467,185.582613,1464221
5/3/23,184.648438,188.464634,183.754006,187.371446,1549805
5/4/23,188.206253,189.279561,182.422317,185.10558,1817431
5/8/23,192.141693,192.797606,189.279553,191.803804,1842279
5/9/23,193.195129,194.228692,189.677077,192.718109,2556069
5/10/23,200.400192,202.487183,192.082073,196.673434,4214049
5/11/23,191.903198,201.244932,191.366537,199.654843,2863732
5/12/23,203.480988,205.319528,191.585175,191.664681,2958112
5/15/23,205.269836,210.934506,202.586574,204.524485,2643508
5/16/23,208.648758,211.878615,202.387801,205.021386,2341368
5/17/23,206.363007,207.704646,202.934392,207.704646,1719033
5/22/23,207.058685,212.325825,205.319532,210.288542,1796997
5/23/23,201.145538,205.319519,200.897088,204.276024,1597905
5/24/23,198.243637,200.300815,196.534296,200.300815,1847026
5/25/23,201.841217,203.779128,196.733075,198.243643,1395550
5/26/23,198.859818,203.431298,197.707003,201.940595,1258523
5/30/23,199.406387,203.083467,199.406387,199.85361,1379246
5/31/23,197.110718,200.79773,196.275928,199.853621,2774702
6/1/23,200.797729,201.940596,197.667244,198.760432,999776
6/2/23,203.033783,203.282233,200.052376,202.238738,1164604
6/6/23,206.363007,206.363007,201.642446,204.276031,1309861
6/7/23,205.866104,206.661149,204.027579,206.412698,1379058
6/8/23,200.797729,207.257444,197.090852,206.164255,2096240
6/9/23,197.428741,203.133156,196.852334,201.195245,1695567
6/12/23,195.779022,199.605167,194.506957,197.766627,2138621
6/13/23,193.15538,198.064765,190.313106,196.752939,2653258
6/14/23,194.248566,195.759134,190.90939,194.487068,2593148
6/15/23,188.842285,193.870922,186.954052,193.672164,3089228
6/16/23,192.260971,192.260971,188.583891,189.776466,3464407
6/19/23,187.908112,190.631135,187.868351,190.631135,1085670
6/20/23,189.83609,189.995087,186.437289,187.530462,1530933
6/21/23,186.834793,189.259673,185.562728,188.822397,1360568
6/22/23,191.644806,191.843563,184.847203,184.966454,1684205
6/23/23,178.944016,185.721754,177.69183,183.793775,4737181
6/26/23,178.626007,181.28939,177.493073,178.963896,2095607
6/27/23,175.863235,180.076947,174.948924,177.890585,3217920
6/28/23,178.884384,180.116704,175.425957,176.857034,2177725
6/29/23,178.486862,181.309256,177.572551,180.017311,2184643
6/30/23,180.335342,181.766405,179.32166,180.871989,2330967
7/3/23,180.176331,180.216076,175.406077,178.208607,3069604
7/4/23,182.004929,183.316755,178.844645,180.871995,1266329
7/5/23,177.155167,180.871992,177.155167,180.871992,1732286
7/6/23,174.889297,178.34774,174.889297,175.306693,1429861
7/7/23,175.803589,176.419756,173.120326,175.346448,1409638
7/10/23,175.088058,175.922864,173.935259,174.690544,1005488
7/11/23,178.705505,179.858304,176.141494,176.896778,1375278
7/12/23,183.714264,183.952782,178.288098,178.48687,1676823
7/13/23,185.880737,187.331695,184.84719,185.463342,1163732
7/14/23,180.55397,185.781379,180.55397,185.344104,1617697
7/17/23,181.448395,182.640954,177.731569,179.222273,942807
7/18/23,184.628555,184.727942,180.653347,181.190008,841436
7/19/23,186.65593,188.186378,184.549059,184.847202,1398198
7/20/23,185.244705,188.385123,184.727939,185.324211,1057563
7/21/23,186.178894,186.397532,184.091919,185.383849,2741126
7/24/23,188.106873,189.001288,184.350302,186.139149,776654
7/25/23,190.59137,192.101953,185.801251,188.822403,1533997
7/26/23,190.352859,192.161587,189.080794,190.313114,1035769
7/27/23,183.754013,192.519355,183.654642,192.519355,2235258
7/28/23,178.387482,183.098109,177.214802,181.607406,1987889
7/31/23,180.514221,182.144056,177.493069,177.811078,1232700
8/1/23,179.540298,183.117977,179.242155,180.275702,1169192
8/2/23,177.691818,178.307971,175.664453,178.009827,1784327
8/3/23,177.950211,178.009836,175.565091,176.896783,1376653
8/4/23,178.745255,179.460793,176.658264,179.460793,1356720
8/7/23,176.539017,180.09683,173.577491,176.757654,1963536
8/8/23,178.109222,178.109222,174.591154,176.857037,2337886
8/9/23,174.511658,184.827313,173.418469,178.109217,3340775
8/10/23,167.435776,172.921568,161.1947,172.24579,4458328
8/11/23,166.203476,170.297936,164.851904,167.435781,2196694
8/14/23,165.468048,166.640727,162.586028,163.758707,1438693
8/15/23,162.049377,165.547565,162.009632,164.533883,1313839
8/16/23,163.54007,164.235728,160.995939,160.995939,1440883
8/17/23,157.517639,162.029494,157.517639,160.995947,2082523
8/18/23,155.410782,157.855527,154.098956,156.92135,2711631
8/21/23,153.204544,154.774753,152.648017,153.800816,1675259
8/22/23,157.47789,158.2928,153.641813,153.701439,1665004
8/23/23,160.658051,162.943798,157.100237,158.014533,2463744
8/24/23,164.394745,164.394745,161.135075,161.472964,2711185
8/25/23,163.341324,165.964961,161.989752,163.321444,1511141
8/28/23,164.991028,165.726432,163.241926,163.858094,770016
8/29/23,168.071808,170.437062,166.044458,169.46314,1573713
8/30/23,159.246857,165.905328,158.054282,165.905328,3629240
8/31/23,157.994659,162.327637,157.080363,157.537519,5449066
9/1/23,164.712769,164.911526,161.035689,161.989745,2884766
9/4/23,161.612091,165.130159,161.393453,163.619576,980342
9/5/23,156.185944,161.453098,156.185944,160.02202,1843512
9/6/23,153.641815,153.959824,146.108793,150.103867,3224726
9/7/23,149.209457,154.039337,147.460371,153.144921,2326564
9/8/23,145.3535,150.521284,144.856599,149.686478,2101103
9/11/23,144.578323,146.446676,142.511213,146.029281,1859194
9/12/23,142.332336,145.850389,141.795675,144.578324,2181122
9/13/23,149.885239,150.342379,140.404358,141.119897,4596575
9/14/23,157.040619,157.318882,151.912596,152.051728,3926160
9/15/23,155.748672,160.518926,153.761068,157.040618,4210410
9/18/23,155.132523,158.948719,154.774753,156.126325,1521808
9/19/23,155.490295,157.617031,152.687766,153.761074,1309610
9/20/23,157.298996,159.485358,155.490284,155.887799,1396119
9/21/23,154.416977,161.21458,154.377216,155.033129,1305822
9/22/23,153.284042,156.046811,152.170974,153.244282,1474515
9/25/23,151.495193,153.045522,150.143622,152.687753,1196636
9/26/23,143.743546,150.561029,143.30627,149.984622,2744127
9/27/23,145.313751,146.565936,141.437929,142.511222,2018630
9/28/23,147.57962,149.865368,144.936103,145.095115,2230870
9/29/23,150.620651,152.628136,148.732433,151.475322,2793192
10/2/23,146.168427,154.496494,145.174624,151.415701,2756197
10/3/23,138.19812,144.439196,137.601848,144.300065,3537930
10/4/23,136.727295,140.742249,135.236592,136.76704,2848830
10/5/23,134.759583,140.026722,134.481319,138.138504,2059924
10/6/23,135.455231,139.112415,132.255187,137.999362,2665824
10/9/23,138.555893,140.34474,133.408005,135.653993,1943317
10/10/23,146.267792,146.267792,139.509949,139.509949,3013809
10/11/23,147.142334,148.712543,143.624281,144.558458,2198791
10/12/23,147.977127,151.852964,146.784568,149.428085,2373730
10/13/23,147.380859,147.380859,141.418047,144.796968,4115753
10/16/23,145.234238,147.380854,143.703789,147.162216,1606041
10/17/23,145.234238,146.625555,142.1137,144.63795,2241019
10/18/23,141.020523,144.87648,140.165853,144.220567,1945973
10/19/23,140.483871,142.908751,139.092555,140.463991,1567081
10/20/23,143.664032,144.439196,136.190636,138.635396,3255258
10/23/23,141.04039,143.1075,139.390675,142.113698,1425454
10/24/23,150.342392,150.342392,140.444131,141.358427,3141190
10/25/23,146.804459,152.051733,145.413142,152.051733,2032835
10/26/23,158.889084,159.544982,144.518699,145.075226,4657651
10/27/23,152.210739,160.578551,151.634332,160.002144,3040633
10/30/23,148.633041,153.204537,146.426799,152.210735,1754349
10/31/23,151.316299,151.455431,147.440477,149.845477,1613280
11/1/23,151.733704,153.383419,144.10131,144.359694,2379332
11/2/23,157.259262,157.497765,150.680281,151.693964,2592558
11/3/23,160.300293,163.619589,156.245578,157.497764,2430148
11/6/23,161.790985,163.599697,159.823261,162.128874,1563733
11/7/23,156.583466,162.884168,156.026939,161.075456,3360657
11/8/23,171.927765,172.027151,163.361196,171.927765,6009297
11/9/23,168.310333,173.915377,166.084211,173.120332,2365811
11/10/23,166.024582,170.556317,163.798475,167.813429,1818653
11/13/23,166.958755,168.250701,164.573636,166.600986,1596398
11/14/23,172.822189,174.213521,166.680499,169.284256,2227047
11/15/23,173.299225,176.101739,171.570004,174.53153,2100221
11/16/23,172.623428,174.650793,171.251992,171.251992,1360633
11/17/23,176.539017,178.586247,174.611038,176.479391,2314908
11/20/23,178.924133,180.037202,175.962607,176.459508,1660326
11/21/23,176.479385,180.871989,176.240867,178.029714,1978056
11/22/23,175.823471,177.3738,173.179954,175.565088,1766708
11/23/23,172.245789,175.286821,170.635819,174.909171,1821331
11/24/23,171.371246,172.88183,169.840783,171.570004,1367091
11/27/23,176.022232,176.320376,170.814718,171.371245,2045698
11/28/23,174.193634,176.30049,173.160087,175.406074,1874055
11/29/23,181.40863,181.885666,176.896775,176.916656,2172544
11/30/23,188.385132,188.782662,180.87199,182.859594,7005657
12/1/23,187.391327,190.889515,184.986328,187.590084,1676530
12/4/23,185.642242,190.531747,185.284473,189.796328,1372405
12/5/23,188.663391,188.663391,183.634755,184.847195,1728684
12/6/23,190.432358,190.432358,185.721745,187.828601,1381688
12/7/23,186.337906,189.200061,185.960256,188.246004,1500278
12/8/23,187.7491,188.14663,184.350298,186.337903,1798138
12/11/23,185.602478,188.007477,184.429799,186.675786,1156842
12/12/23,181.627274,185.642243,179.341541,184.60868,3033180
12/13/23,182.720459,183.098109,179.281897,181.17013,1281650
12/14/23,192.857239,196.335546,188.742899,190.810009,3362071
12/15/23,192.519348,196.574063,191.863435,192.857237,3003902
12/18/23,191.605057,194.685834,191.605057,193.195131,1143503
12/19/23,191.942947,194.268441,191.36654,191.36654,1400180
12/20/23,196.335541,196.852322,190.233596,192.062189,2590935
12/21/23,198.402664,200.151751,193.413773,194.785225,1836694
12/22/23,199.754227,199.754227,196.176533,197.766622,1361298
12/27/23,208.698441,213.766837,204.623846,205.766727,3206271
12/28/23,213.667465,215.307233,211.083574,214.661267,2203137
12/29/23,212.971802,216.151966,212.027693,212.127064,1266161
1/2/24,208.350616,217.791737,207.804037,214.95941,1659125
1/3/24,201.095871,206.959298,199.853618,206.561783,2436592
1/4/24,202.288422,203.928189,198.521903,200.300817,1600176
1/5/24,203.232529,203.431286,198.760419,198.760419,1136284
1/8/24,202.437485,203.331916,200.59896,201.940584,1427172
1/9/24,205.269836,206.512089,201.990286,203.630054,2153484
1/10/24,201.543076,203.630051,199.853615,201.145546,2081855
1/11/24,199.605164,204.226337,198.859812,202.735634,1849679
1/12/24,198.720688,202.039983,198.303278,200.598973,1736252
1/15/24,196.991455,197.846125,196.236171,197.090841,1154880
1/16/24,193.950424,195.142984,191.028644,194.82496,2006546
1/17/24,187.13295,190.889521,185.344103,190.154102,2289595
1/18/24,188.94165,188.94165,185.622355,186.814915,1816561
1/19/24,187.431091,190.511869,185.32422,189.81621,4286405
1/22/24,191.982681,193.016244,187.808716,188.623641,1552449
1/23/24,192.300705,199.25732,191.406289,193.274627,2254353
1/24/24,195.242371,200.15174,195.242371,197.329346,1947347
1/25/24,193.970291,195.401369,192.559094,195.262237,1187239
1/26/24,196.693314,197.60761,193.572776,194.248569,1009022
1/29/24,195.858521,196.454793,193.79141,194.96409,973897
1/30/24,192.956619,196.812561,192.916859,196.772816,1225962
1/31/24,195.441132,197.428736,191.247285,192.598857,2336699
2/1/24,193.91066,196.395165,192.936738,194.705704,1442138
2/2/24,191.942947,195.679638,189.458442,189.458442,1863974
2/5/24,185.38385,191.803819,184.608686,190.810017,1677295
2/6/24,187.053436,188.941654,185.30435,187.093182,2754941
2/7/24,198.959183,202.735634,195.957896,200.052371,4965982
2/8/24,194.725586,201.692133,194.089553,200.648638,2211631
2/9/24,190.611252,195.997658,190.571491,195.123107,1912643
2/12/24,192.618729,195.182725,190.949133,193.374013,1595909
2/13/24,187.490707,194.208804,186.87454,192.062188,1592005
2/14/24,187.212448,190.650995,186.536655,188.325502,1169001
2/15/24,188.285751,188.424883,183.435992,187.908102,2104745
2/16/24,187.371445,188.961534,184.608676,188.822402,1271242
2/19/24,183.356491,186.556535,182.203677,186.298152,1821930
2/20/24,182.203674,183.217357,180.514214,182.501818,1589475
2/21/24,183.15773,184.290664,181.647147,182.203673,1361070
2/22/24,180.593719,183.654632,180.21607,183.595006,1151767
2/23/24,176.360138,181.190017,175.406081,180.375092,1886435
2/26/24,180.176331,180.51422,174.909176,175.644595,2222120
2/27/24,182.064545,182.064545,177.830953,180.83224,1868989
2/28/24,184.886948,186.934193,181.368895,182.859598,2056201
2/29/24,190.750381,192.936743,185.28447,187.3317,4941675
3/1/24,196.295807,196.971585,192.598862,193.036137,2428039
3/4/24,193.91066,198.541781,193.09575,196.315659,1540790
3/5/24,194.010056,195.600145,192.559098,195.540504,1657847
3/6/24,193.075882,196.295806,192.201331,194.010058,1586156
3/7/24,195.063477,197.229973,193.473387,194.52683,1403957
3/8/24,194.546707,196.077171,193.453534,195.063489,1445078
3/11/24,193.791412,195.142984,192.400095,193.374017,1021865
3/12/24,193.890808,194.824969,192.260973,193.294521,1111881
3/13/24,192.300705,193.731782,191.108145,192.797606,1380392
3/14/24,192.519348,194.188928,190.849753,191.704423,1721227
3/15/24,186.795059,192.241091,186.07952,192.161585,3088344
3/18/24,190.173981,192.380223,187.64973,188.126751,1325426
3/19/24,192.002563,193.493267,191.207519,192.300707,1526596
3/20/24,191.923065,192.916867,190.29323,190.909398,1079025
3/21/24,195.719391,198.521905,191.883314,194.188927,2057079
3/22/24,199.406387,201.393992,194.109435,194.606336,1949933
3/25/24,198.422531,199.307014,196.474672,198.641169,1037320
3/26/24,195.162872,200.10207,192.797618,197.249848,2159395
3/27/24,191.803818,195.023742,189.458444,194.725599,1996742
4/2/24,185.045959,190.263421,183.455885,187.083257,3599300
4/3/24,182.760208,184.399991,178.735322,183.356495,2306891
4/4/24,182.412384,184.250909,180.42478,182.511755,2079096
4/5/24,179.331589,180.871985,178.288093,180.722921,1276078
4/8/24,182.710526,183.356491,178.934074,179.083139,1147435
4/9/24,183.952774,189.8162,181.96517,182.263298,1994640
4/10/24,177.840881,185.393783,176.946466,184.698125,1545574
4/11/24,179.132828,183.108036,176.201115,177.989961,1639328
4/12/24,178.486862,181.865783,178.486862,180.573837,1614104
4/15/24,178.486862,180.37508,178.039639,178.238412,1309038
4/16/24,176.399872,176.946466,174.561332,176.896773,1871494
4/17/24,175.207321,178.387485,174.760113,176.399881,1372984
4/18/24,175.604828,176.201115,173.368773,174.710412,1564423
4/19/24,175.654526,176.101734,172.374976,173.965065,2631989
4/22/24,181.567642,182.511751,175.654523,175.654523,2010675
4/23/24,184.449677,184.499354,179.62973,181.865785,1452351
4/24/24,179.97757,184.94658,179.97757,184.847194,1465771
4/25/24,176.499268,182.46208,176.499268,180.126639,1385174
4/26/24,182.412384,183.654637,176.201121,176.896779,1192371
4/29/24,183.903091,186.785112,182.263309,182.412388,1218456
4/30/24,187.232315,188.077053,183.257107,184.399988,2145572
5/1/24,185.69194,189.965277,183.257113,187.13295,1084607
5/2/24,178.08934,183.20743,174.312889,179.182529,6288776
5/3/24,179.62973,182.859587,174.958863,180.375082,2595287
5/6/24,180.524155,182.809903,176.996169,179.132838,2258150
5/7/24,186.139145,186.983868,179.18253,179.778802,2267941
5/8/24,189.865906,190.561564,185.045959,187.828608,2257691
5/13/24,191.406296,197.120658,188.971468,195.232425,2058928
5/14/24,193.791412,193.791412,190.511862,192.002566,1930304
5/15/24,195.779022,199.654845,193.294517,193.493274,2531323
5/16/24,197.965378,201.145542,196.772818,196.772818,1753148
5/17/24,190.412491,196.921883,190.213718,196.474675,2555897
5/21/24,192.549164,193.493273,185.294405,187.381396,2481206
5/22/24,189.716827,191.555367,185.940391,191.555367,1827396
5/23/24,189.915588,193.493267,188.673336,189.716816,2050910
5/24/24,188.176437,189.518061,186.934185,188.673338,1312450
5/27/24,196.82251,198.015069,188.673336,188.921786,2197408
5/28/24,201.244934,204.723242,196.971582,196.971582,2967911
5/29/24,192.897003,199.257331,192.84731,198.859816,2314151
5/30/24,193.344208,196.176535,189.915593,191.903198,1336333
5/31/24,191.654739,193.692022,190.362794,192.896992,4103495
6/3/24,192.101959,194.437385,191.108157,192.797618,1309713
6/4/24,190.561554,192.946673,189.617445,192.10195,1196881
6/6/24,189.915588,196.226223,189.766509,192.449772,1535408
6/7/24,187.232315,191.157846,184.946582,189.418692,1467760
6/10/24,183.70433,185.244712,179.679429,185.244712,2809283
6/11/24,183.356491,186.536655,181.816095,186.337897,1716230
6/12/24,184.052155,186.78511,180.176332,183.157739,2034006
6/13/24,184.896896,188.772719,180.871995,183.555257,3228732
6/14/24,180.921677,186.685732,180.871983,185.493157,1638604
6/17/24,174.114136,179.878191,173.965071,178.884389,3537727
6/18/24,174.611038,176.648336,172.971271,175.902984,1775099
6/19/24,176.151428,178.73532,175.803591,177.741518,1599962
6/20/24,178.039642,179.430974,176.399875,176.399875,1801162
6/21/24,176.598633,178.685623,175.604831,178.337787,2215407
6/24/24,177.095535,180.176328,175.207317,175.952669,1924876
6/25/24,174.362579,177.741516,173.766307,176.896778,1715960
6/26/24,174.90918,178.834695,173.915378,175.654531,1555957
6/27/24,165.517746,174.561336,165.517746,171.778702,3558887
6/28/24,160.250595,164.772398,160.002145,163.530145,3719802
7/1/24,161.095337,163.530149,160.399663,161.890367,2557217
7/2/24,159.25679,161.542538,158.014538,160.151206,1727709
7/3/24,161.790985,161.790985,153.790875,155.281578,4538149
7/4/24,162.188507,164.374869,160.002145,161.592235,1893878
7/5/24,162.884171,163.331394,161.145017,162.983557,1523549
7/8/24,161.542542,164.623319,161.294091,162.089136,1688713
7/9/24,159.306488,164.076741,159.107731,161.542543,1494654
7/10/24,161.542542,162.188507,159.803388,159.853081,1229847
7/11/24,163.629517,165.865571,160.995947,163.033244,1687352
7/12/24,167.40596,167.654411,163.828282,164.474247,1544693
7/15/24,156.623215,164.474245,155.679091,163.281686,2839600
7/16/24,154.337479,156.424454,152.846775,155.728796,2669723
7/17/24,151.505127,154.039325,150.958533,152.74738,1899281
7/18/24,152.449234,154.238081,148.672798,150.759773,3254284
7/19/24,157.766083,157.766083,151.256676,151.306369,3663348
7/22/24,159.25679,161.492845,156.573527,159.604627,1723410
7/23/24,157.815781,160.44935,156.92135,160.002142,1088548
7/24/24,159.853073,162.983544,156.424444,157.070424,1743080
7/25/24,160.300293,160.896565,157.120129,159.157411,1279310
7/26/24,161.2444,161.2444,158.958652,160.995949,1046541
7/29/24,165.020844,165.020844,162.138808,162.834482,1683032
7/30/24,166.163712,166.710306,164.275494,165.964954,1662499
7/31/24,169.194809,171.13272,166.759997,167.902863,2266263
8/1/24,167.654419,173.26941,167.654419,169.940167,2104840
8/2/24,165.468048,167.555039,163.778588,165.964949,1938496
8/5/24,154.238083,161.393455,154.238083,160.946247,2338417
8/6/24,160.051834,162.983547,157.91515,160.002141,2634916
8/7/24,168.002258,168.201016,160.399663,161.641915,1826160
8/8/24,164.623322,167.455664,163.679213,167.455664,1446381
8/9/24,164.027039,167.65441,163.430751,166.362464,1306413
8/12/24,151.306381,168.598533,151.008238,165.468062,5161182
8/13/24,156.623215,157.517631,150.46163,151.356061,3394299
8/14/24,154.08902,160.25059,153.542426,157.766085,3540914
8/15/24,159.107727,160.250593,155.62942,158.014539,2368973
8/16/24,158.461746,160.946252,157.766088,159.604628,1874389
8/19/24,159.753693,161.045638,155.281583,155.281583,1591307
8/20/24,154.933746,161.294089,154.884068,160.200901,1447997
8/21/24,152.747391,156.026941,152.747391,154.933752,1452533
8/22/24,152.797073,153.741182,152.49893,152.946138,1861812
8/23/24,154.1884,154.635623,152.349875,152.797083,2134463
8/26/24,153.045532,154.635622,151.455443,154.188399,1348963
8/27/24,152.151108,153.939939,151.55482,153.045524,1409945
8/28/24,150.809479,152.002038,150.461642,151.455444,1259993
8/29/24,152.349869,152.946141,149.368462,150.262878,1778713
8/30/24,153.939941,155.380967,151.107614,151.206986,4615469
9/2/24,154.138718,154.884069,151.85297,153.939945,1099372
9/3/24,151.902664,154.983442,150.908862,153.592125,1319067
9/4/24,152.300171,152.548621,148.374656,149.070314,1485347
9/5/24,152.349869,154.28778,151.356067,151.803275,1051884
9/6/24,146.138611,152.250488,145.989531,151.80328,1655683
9/9/24,148.275269,149.269071,146.287664,147.480224,1763868
9/10/24,148.374664,150.71009,147.82807,148.772179,1341067
9/11/24,154.387161,157.517632,151.455433,151.952334,2961055
9/12/24,154.685303,158.610833,153.939951,157.219501,1930576
9/13/24,161.592239,161.592239,154.536238,154.585931,2398885
9/16/24,158.163605,161.989749,158.01454,161.492848,1501980
9/17/24,162.138809,162.287889,159.008339,160.94625,1493320
9/18/24,162.635712,162.635712,160.101528,161.989746,1354166
9/19/24,161.940048,164.971148,161.393454,164.52394,1823120
9/20/24,157.964844,163.281691,157.964844,162.089132,3706115
9/23/24,157.815781,158.710196,155.72879,157.964845,1526841
9/24/24,154.436844,161.989746,154.436844,159.902756,2914934
9/25/24,152.747391,157.61703,151.902668,153.542436,2218171
9/26/24,150.064117,156.02693,150.064117,155.033128,2665401
9/27/24,149.467834,151.206988,147.679003,150.75978,2303676
9/30/24,146.933655,150.85917,144.647907,149.070323,3388624
10/1/24,140.126099,145.890154,138.983232,145.045416,4588015
10/2/24,138.88385,141.616806,136.150894,139.927345,3581003
10/3/24,137.591904,139.480137,137.045309,138.486335,1838633
10/4/24,139.778259,140.324853,137.14469,137.591898,1980466
10/7/24,141.418045,141.716189,138.386946,139.678891,2117026
10/8/24,138.486328,141.716185,137.840348,139.728581,2124779
10/9/24,141.070206,141.070206,138.039106,138.088799,2426681
10/10/24,135.902435,139.132292,135.306148,138.486327,2387608
10/11/24,135.057709,136.399348,134.560808,135.902447,2464508
10/14/24,131.132187,135.157089,131.032816,135.107395,3054254
10/15/24,124.871239,130.68498,124.374338,130.68498,4789343
10/16/24,127.156982,130.734676,124.026512,124.324648,4334184
10/17/24,130.386841,131.529722,127.405434,127.405434,2884099
10/18/24,128.697372,132.42413,128.498615,130.58559,4319363
10/21/24,128.697372,130.188076,127.902328,128.697372,1295235
10/22/24,129.094894,129.840246,126.858847,128.796766,1609302
10/23/24,127.206673,130.883738,125.11969,128.59799,1815295
10/24/24,130.337143,130.834044,126.858843,127.306059,1574504
10/25/24,131.330948,131.927235,130.287468,130.287468,1406324
10/28/24,131.529724,132.076303,128.051417,131.430338,1695192
10/29/24,127.753265,132.374439,127.057599,131.380637,2097803
10/30/24,128.74707,130.535917,125.914728,127.554511,1936489
10/31/24,128.299866,129.243975,127.107299,128.349544,2085929
11/1/24,131.82785,133.765777,128.101092,128.69738,1977107
11/4/24,135.107391,136.399337,132.771966,132.970723,2795593
11/5/24,118.610283,131.181881,117.765553,128.796762,10020509
11/6/24,103.405113,111.603981,103.405113,104.846123,12433723
11/7/24,106.833733,108.572886,101.71565,103.057281,7145345
11/8/24,103.852325,107.777841,103.703254,106.038687,4291625
11/11/24,102.013794,106.038688,101.914415,104.349228,4501688
11/12/24,98.903183,101.268437,98.5056682,100.870915,5165673
11/13/24,99.0224457,102.858523,97.9491375,99.0224457,3894396
11/14/24,99.5789719,100.075873,96.6571987,97.8696385,5093157
11/15/24,103.852325,105.24365,100.473397,101.218748,3387014
11/18/24,99.67836,104.200155,98.9826939,102.411316,3035867
11/19/24,98.0286407,100.771537,97.6509987,100.374014,2867469
11/20/24,100.374016,100.721845,98.7441809,98.7441809,2933355
11/21/24,98.6447983,100.771534,97.6907492,100.175254,2430667
11/22/24,98.8634415,99.1218246,96.6174465,98.7441825,3760474
11/25/24,103.355423,103.752945,100.970296,101.914413,10277063
11/26/24,99.9268036,105.442401,99.7777318,104.200148,2872375
11/27/24,103.106972,103.80263,99.9764935,99.9764935,2314398
11/28/24,107.231255,107.579084,103.355425,103.355425,2780997
11/29/24,109.020088,109.417611,105.988996,106.535583,4528153
12/2/24,109.715759,112.697166,108.225056,109.020093,3741955
12/3/24,106.982803,112.24995,106.734353,110.858633,3192019
12/4/24,95.3255005,104.547983,95.2261218,103.703253,9436505
12/5/24,96.657196,98.9826894,95.4050033,95.4050033,4900153
12/6/24,97.253479,97.9491375,96.1006649,97.3926107,3199161
12/9/24,101.765343,101.864721,97.0348423,97.3926117,3024591
12/10/24,100.175255,101.864715,98.7044244,101.367814,3004810
12/11/24,97.6708755,100.224947,97.0944685,99.3802165,3736812
12/12/24,95.6832657,98.823684,95.1068586,98.3466556,2702102
12/13/24,95.027359,97.6708686,95.0074787,95.6832644,4440196
12/16/24,95.2459946,95.3851338,93.2186449,95.0273645,3027516
12/17/24,93.8149261,94.6497163,92.5229803,93.8347989,3312360
12/18/24,97.5516205,99.0025707,94.5702141,94.5702141,3162394
12/19/24,96.1801682,98.7640522,94.7490907,95.10686,3032630
12/20/24,93.7950439,95.4050062,92.6621101,95.4050062,6423463
12/23/24,98.0485229,99.1218235,93.9143024,93.9938084,2540148
12/27/24,98.2274017,100.374018,98.0485246,98.3864137,2620005
12/30/24,97.4721146,99.1814554,97.4721146,98.2273987,3182747
1/2/25,104.051079,104.349222,100.07587,101.367816,4760635
1/3/25,105.591476,105.591476,103.554179,105.094575,3335977
1/6/25,103.902016,106.833729,102.908214,106.833729,2604761
1/7/25,103.802628,105.293331,101.91441,103.802628,2363094
1/8/25,96.1205444,101.019989,95.7627751,100.572774,5638003
1/9/25,96.2000504,96.8957088,95.1267422,96.378935,2422062
1/10/25,92.9006271,97.4323625,92.1254551,96.4385603,3703774
1/13/25,94.9478531,96.8360786,92.9204959,92.9204959,3508848
1/14/25,94.0733109,95.7428911,93.6161552,94.987607,2795549
1/15/25,98.6050491,100.721845,95.1068614,95.1863674,3866585
1/16/25,94.2919464,98.6050517,94.2720737,96.8957108,3104346
1/17/25,94.828598,97.690753,94.6695936,95.8820334,6019991
1/20/25,96.855957,97.6112488,91.6285556,94.0534353,3664226
1/21/25,94.629837,95.5242604,91.4496658,91.5291718,3415678
1/22/25,92.0260773,97.0944667,91.7676866,96.6770716,3562551
1/23/25,94.5304642,94.6894686,91.0322763,91.4297987,3915284
1/24/25,96.0609207,97.8895131,95.146617,95.146617,2796065
1/27/25,94.3714523,96.9950894,93.97393,94.470831,2364498
1/28/25,93.3776474,99.1417028,93.17889,94.7292189,4000031
1/29/25,97.3528595,97.5714972,93.6559142,94.5105847,2973265
1/30/25,100.721848,101.318127,96.5379413,97.2932331,3404082
1/31/25,98.3267822,101.367814,98.227396,100.970292,3113221
2/3/25,96.8758316,96.95533,93.496903,95.3056225,4354829
2/4/25,100.423706,100.622463,95.7428915,98.366536,3905046
2/5/25,108.821335,108.821335,95.5242649,103.703252,11790419
2/6/25,106.33683,108.572885,103.802632,107.330632,5786734
2/7/25,105.094574,107.777837,104.995195,106.535584,4344028
2/10/25,102.858521,105.343026,101.268439,105.044882,3238637
2/11/25,102.411316,103.951705,101.914415,103.603875,2205536
2/12/25,100.075874,103.206353,98.6845574,100.374018,3562557
2/13/25,99.7280426,101.218746,99.2808347,100.523087,2303312
2/14/25,98.5652924,102.212544,98.128017,101.218742,2375375
2/17/25,96.2199249,99.3603434,95.7428966,98.7441833,2701965
2/18/25,97.7702484,98.8435565,95.9019032,96.7565736,3324176
2/19/25,96.5776901,99.926806,95.0671142,98.6249201,2882776
2/20/25,97.1739731,100.870918,96.637319,97.1938534,3392337
2/21/25,97.4124832,99.3802148,96.8957094,97.4721165,2588378
2/24/25,98.3864136,101.36782,96.498188,97.5118704,3233766
2/25/25,101.765343,102.709452,98.4857926,98.6050515,3593384
2/26/25,103.405113,105.392717,100.622464,101.815024,3160641
2/27/25,101.715645,103.454799,98.7044256,102.560375,3925762
2/28/25,100.771538,101.119367,99.0224439,100.423709,4739420
3/3/25,97.3926086,101.119367,96.2596748,100.672159,3668406
3/4/25,96.3789368,97.6112493,94.9279789,96.8957106,3385747
3/5/25,102.70945,102.70945,98.386412,98.386412,4087672
3/6/25,106.535583,108.026287,101.964095,102.610068,4782067
3/7/25,103.902016,107.430009,100.572772,106.933108,3395906
3/10/25,106.33683,106.684659,102.610072,104.746748,4049266
3/11/25,107.728149,109.616375,104.249842,105.044879,5228577
3/12/25,102.70945,109.516993,101.467197,108.374127,4730584
3/13/25,103.603874,104.150468,101.765342,102.709451,2330565
3/14/25,106.982803,110.113282,101.61627,104.349226,4626984
3/17/25,109.914513,110.759243,107.628772,107.728151,3118440
3/18/25,114.833839,117.020201,110.312037,111.007695,5002974
3/19/25,115.281044,116.175467,112.597781,115.628873,2550104
3/20/25,111.057388,115.131976,110.95801,114.486003,3874374
3/21/25,108.125671,112.200258,108.125671,110.908313,4200872
3/24/25,103.355423,109.61638,103.355423,108.721956,2815786
3/25/25,104.20015,105.591474,103.305726,103.355419,2154314
3/26/25,103.057281,105.044886,101.864722,104.796435,2465670
3/27/25,101.765343,103.106974,99.827424,103.057281,2619606
3/28/25,99.4795914,102.113169,98.0485215,101.16906,3166221
3/31/25,94.3316956,98.048521,93.139136,98.0286407,3732927
4/1/25,94.9478531,96.2596716,92.5031008,95.5043798,3441746
4/2/25,95.1863632,96.279544,93.2583847,94.7292152,1627146
4/3/25,97.1342163,97.1342163,91.48942,92.1254528,3522579
4/4/25,86.2818985,96.9354583,85.7651247,96.2795453,5026384
4/7/25,85.6259918,89.8794636,80.6371011,80.9749977,5456553
4/8/25,88.1900024,89.4024423,86.3017768,87.1167019,3219035
4/9/25,82.8799973,86.8399963,82.7399979,83.1399994,3410263
4/10/25,85.0999985,94.9000015,85.0199966,94.9000015,4205468
4/11/25,86.0999985,87.9400024,83.5800018,86.4800034,2817729
4/14/25,89.9000015,90.1399994,87.7200012,89.3399963,2393046
4/15/25,90.5999985,92.2600021,89.3399963,89.5999985,2280941
4/16/25,88.0999985,89.9800034,87.3000031,89.9800034,4256848
4/22/25,87.1999969,88.1399994,84.5999985,87.9199982,3449521
4/23/25,87.8000031,90.2600021,86.9000015,89.2799988,3806813
4/24/25,86.0599976,87.0199966,85.5999985,86.9000015,2470319
4/25/25,87,88.0999985,86.2799988,86.8000031,3241239
4/28/25,88.1999969,89.0999985,87.3399963,87.3399963,2671451
4/29/25,85.9599991,87.9400024,85.7799988,87.9000015,2758548
4/30/25,87.2600021,87.3799973,85.8600006,86.4599991,3819024
5/1/25,87.0800018,88.0999985,86.6600037,87.2600021,1960469
5/2/25,89.3799973,90.0999985,87.8000031,88.9000015,3859430
5/5/25,88.5,90.5999985,88.5,90.2799988,3306893
5/6/25,96.4599991,97.6999969,90.0400009,95,13839961
5/7/25,92.1600037,95,90.9199982,94.6399994,5247952
5/8/25,93,95.5400009,92.3000031,93.0199966,3042545
5/9/25,98.6600037,99.3000031,94.7600021,94.9599991,4874712
5/12/25,103.349998,106.599998,99.6999969,99.9400024,4773860
5/13/25,112.900002,118.25,109,112.550003,8414339
5/14/25,111.75,115.050003,111.199997,114.5,3480988
5/15/25,112.25,113.599998,110.800003,111.25,3001205
5/16/25,110.300003,114.050003,110.25,112.599998,2561717