Price,Close,High,Low,Open,Volume
Ticker,WISE.L,WISE.L,WISE.L,WISE.L,WISE.L
Date,,,,,
2022-05-10,330.0,341.0,327.3999938964844,334.0,4723869
2022-05-11,319.79998779296875,334.3999938964844,316.0,330.0,3929330
2022-05-12,332.70001220703125,333.8999938964844,298.6510009765625,310.5,3685313
2022-05-13,339.29998779296875,347.5,328.8999938964844,337.3999938964844,1728886
2022-05-16,326.0,340.3999938964844,325.20001220703125,340.0,763167
2022-05-17,337.6000061035156,340.0,326.1000061035156,329.20001220703125,2217382
2022-05-18,345.0,347.1000061035156,334.29998779296875,337.70001220703125,1341608
2022-05-19,352.8999938964844,352.8999938964844,328.6000061035156,339.0,1646272
2022-05-20,369.0,380.8999938964844,353.79998779296875,355.70001220703125,2129916
2022-05-23,364.20001220703125,374.3999938964844,358.20001220703125,374.3999938964844,899002
2022-05-24,352.0,360.79998779296875,348.1000061035156,360.0,1938697
2022-05-25,352.1000061035156,357.0,343.70001220703125,357.0,743513
2022-05-26,359.79998779296875,361.5,347.1000061035156,354.5,1549083
2022-05-27,378.5,378.5,354.79998779296875,364.5,970162
2022-05-30,377.6000061035156,387.5199890136719,376.3999938964844,381.5,765035
2022-05-31,367.3999938964844,378.20001220703125,364.6000061035156,373.20001220703125,2017099
2022-06-01,352.5,369.20001220703125,348.79998779296875,367.5,1721243
2022-06-06,370.0,371.56500244140625,350.8999938964844,355.0,840147
2022-06-07,366.20001220703125,367.70001220703125,354.68499755859375,366.79998779296875,493010
2022-06-08,370.5,370.5,361.29998779296875,364.0,879801
2022-06-09,359.1000061035156,372.0,356.3999938964844,372.0,803428
2022-06-10,342.0,357.1000061035156,338.3999938964844,353.0,1606485
2022-06-13,321.0,340.6000061035156,319.70001220703125,340.6000061035156,873203
2022-06-14,319.5,325.79998779296875,307.6000061035156,325.79998779296875,1204566
2022-06-15,330.20001220703125,334.8999938964844,319.29998779296875,324.3999938964844,2024610
2022-06-16,321.6000061035156,330.5830078125,314.5799865722656,329.70001220703125,1139029
2022-06-17,334.8999938964844,350.0,319.70001220703125,319.70001220703125,3073748
2022-06-20,338.1000061035156,341.7900085449219,332.29998779296875,335.0,798444
2022-06-21,340.29998779296875,342.29998779296875,335.0,335.0,1307803
2022-06-22,357.20001220703125,361.1000061035156,331.0,331.0,2043301
2022-06-23,361.0,361.0,345.8999938964844,353.0,3456184
2022-06-24,381.5,384.5,360.4419860839844,365.6000061035156,2293590
2022-06-27,373.1000061035156,384.06500244140625,361.29998779296875,365.70001220703125,3543175
2022-06-28,316.3999938964844,396.7829895019531,311.1000061035156,380.3999938964844,6879134
2022-06-29,300.0,318.5,289.3999938964844,311.20001220703125,6578988
2022-06-30,297.3999938964844,302.29998779296875,285.0,300.0,7109078
2022-07-01,311.70001220703125,317.54998779296875,292.20001220703125,294.1000061035156,2646167
2022-07-04,306.6000061035156,323.3999938964844,302.0,316.70001220703125,1516222
2022-07-05,314.70001220703125,316.6000061035156,298.70001220703125,306.0,1613141
2022-07-06,340.5,340.5,318.9800109863281,319.6000061035156,2376704
2022-07-07,351.20001220703125,355.70001220703125,337.7099914550781,345.6000061035156,1753508
2022-07-08,353.8999938964844,368.20001220703125,348.70001220703125,351.29998779296875,2652858
2022-07-11,333.8999938964844,354.0,331.20001220703125,352.29998779296875,1404579
2022-07-12,343.79998779296875,345.29998779296875,320.79998779296875,339.5,1109326
2022-07-13,334.6000061035156,348.29998779296875,325.5,348.29998779296875,1024788
2022-07-14,328.0,332.6000061035156,320.8999938964844,329.79998779296875,2087983
2022-07-15,341.3999938964844,342.0,325.29998779296875,328.0,1176732
2022-07-18,348.70001220703125,361.968994140625,346.70001220703125,350.0,1804132
2022-07-19,400.79998779296875,410.20001220703125,350.5150146484375,362.20001220703125,4991878
2022-07-20,420.20001220703125,423.0,407.70001220703125,410.0,3669190
2022-07-21,426.20001220703125,434.25,415.70001220703125,421.29998779296875,2560780
2022-07-22,433.1000061035156,459.79998779296875,426.20001220703125,436.3999938964844,2284117
2022-07-25,424.29998779296875,433.9200134277344,415.6000061035156,428.8999938964844,1043232
2022-07-26,417.8999938964844,445.20001220703125,416.1000061035156,421.70001220703125,1518740
2022-07-27,436.70001220703125,439.1000061035156,417.8999938964844,419.5,1812722
2022-07-28,451.70001220703125,451.70001220703125,440.0,441.8999938964844,1687436
2022-07-29,471.20001220703125,478.0,441.4209899902344,452.1000061035156,2764625
2022-08-01,470.3999938964844,472.0,456.29998779296875,470.0,3342729
2022-08-02,449.0,458.8999938964844,428.6000061035156,457.8999938964844,2785638
2022-08-03,467.8999938964844,480.0,443.5,450.0,1840617
2022-08-04,470.0,475.9599914550781,463.20001220703125,469.29998779296875,1060898
2022-08-05,463.20001220703125,481.0889892578125,456.39801025390625,471.5,1562074
2022-08-08,486.5,489.5,463.802001953125,467.79998779296875,1312189
2022-08-09,480.79998779296875,499.0,479.20001220703125,485.20001220703125,2107929
2022-08-10,511.0,511.0,465.6130065917969,480.29998779296875,3171607
2022-08-11,520.4000244140625,534.0,509.0,513.5999755859375,2803624
2022-08-12,537.4000244140625,537.4000244140625,515.0,525.0,2072216
2022-08-15,536.0,539.5999755859375,520.2000122070312,532.0,1460112
2022-08-16,543.0,549.7999877929688,532.5999755859375,540.0,1474236
2022-08-17,544.0,551.2000122070312,538.0,543.0,1861165
2022-08-18,541.5999755859375,549.0,535.7100219726562,540.0,1055010
2022-08-19,516.4000244140625,535.2000122070312,511.3999938964844,535.0,1577909
2022-08-22,497.1000061035156,526.0,495.0899963378906,514.0,1212312
2022-08-23,475.5,499.5,472.29998779296875,492.8999938964844,1635289
2022-08-24,483.29998779296875,486.6000061035156,470.0,475.5,2886734
2022-08-25,481.70001220703125,489.5,471.8999938964844,471.8999938964844,886638
2022-08-26,484.1000061035156,489.8999938964844,478.5,479.8999938964844,1565767
2022-08-30,485.29998779296875,489.8089904785156,473.6000061035156,473.6000061035156,1332619
2022-08-31,486.79998779296875,502.5150146484375,481.3999938964844,482.8999938964844,1264814
2022-09-01,473.70001220703125,483.0,466.8999938964844,470.70001220703125,2507856
2022-09-02,479.5,485.5,472.5,476.6000061035156,1019574
2022-09-05,480.79998779296875,482.70001220703125,460.90301513671875,470.3999938964844,1283993
2022-09-06,488.70001220703125,489.29998779296875,478.5,480.0,1459090
2022-09-07,490.0,491.29998779296875,481.20001220703125,483.1000061035156,1252717
2022-09-08,512.5999755859375,513.8070068359375,491.29998779296875,493.1000061035156,1108462
2022-09-09,534.5999755859375,535.3200073242188,514.7999877929688,515.2000122070312,1481481
2022-09-12,532.2000122070312,533.4000244140625,522.7999877929688,530.2150268554688,739794
2022-09-13,531.5999755859375,535.7999877929688,522.5999755859375,533.0,2225623
2022-09-14,550.2000122070312,552.7760009765625,520.0,526.5999755859375,1832340
2022-09-15,587.2000122070312,598.4000244140625,536.89599609375,549.4000244140625,3835008
2022-09-16,565.4000244140625,600.0,557.0,573.7999877929688,4239348
2022-09-20,571.2000122070312,579.0,549.2000122070312,558.7999877929688,1706887
2022-09-21,616.0,616.0,559.6389770507812,566.5999755859375,2328077
2022-09-22,605.7999877929688,648.6900024414062,595.4199829101562,605.5999755859375,1450820
2022-09-23,580.5999755859375,603.0399780273438,560.5999755859375,601.7999877929688,1443440
2022-09-26,595.3070068359375,605.7999877929688,573.7999877929688,575.0,1535156
2022-09-27,664.2000122070312,669.7999877929688,587.2000122070312,592.0,3857657
2022-09-28,660.0,679.0,631.4000244140625,639.7999877929688,3318643
2022-09-29,693.7999877929688,704.5999755859375,616.2000122070312,659.0,6049309
2022-09-30,660.5999755859375,693.5999755859375,641.5999755859375,693.5999755859375,4719762
2022-10-03,654.7999877929688,670.5999755859375,621.2000122070312,649.5999755859375,2108511
2022-10-04,667.0,680.0,654.5999755859375,654.7999877929688,1344612
2022-10-05,652.0,690.2000122070312,642.5999755859375,672.4000244140625,1361016
2022-10-06,666.7999877929688,670.7999877929688,655.75,659.7999877929688,1636105
2022-10-07,663.4000244140625,680.0,646.4000244140625,667.4000244140625,1634025
2022-10-10,665.4000244140625,669.0,642.6400146484375,657.0,1055346
2022-10-11,667.0,694.4000244140625,656.22998046875,666.0,1730407
2022-10-12,692.0,701.9439697265625,654.5999755859375,665.0,2778801
2022-10-13,685.0,697.4000244140625,659.0,690.2000122070312,2320992
2022-10-14,705.5999755859375,724.9299926757812,684.4000244140625,697.5999755859375,2140416
2022-10-17,715.0,722.7999877929688,681.4000244140625,702.4000244140625,2487757
2022-10-18,708.0,731.7999877929688,698.4000244140625,705.0,2554751
2022-10-19,703.0,713.0,685.5999755859375,704.2000122070312,2122222
2022-10-20,695.0,700.0,658.989990234375,700.0,2312376
2022-10-21,666.0,693.614013671875,659.2000122070312,685.4000244140625,1243501
2022-10-24,689.4000244140625,693.4769897460938,661.7999877929688,672.2000122070312,1432859
2022-10-25,688.0,699.0,671.7999877929688,690.5999755859375,1220443
2022-10-26,693.7999877929688,696.2000122070312,676.2000122070312,684.4000244140625,1123110
2022-10-27,675.2000122070312,694.2000122070312,661.5999755859375,688.2000122070312,944795
2022-10-28,655.0,686.7999877929688,646.5999755859375,671.2000122070312,2014939
2022-10-31,665.0,669.25,653.5999755859375,654.5999755859375,1220063
2022-11-01,678.0,695.2000122070312,661.31298828125,666.4000244140625,1097180
2022-11-02,680.0,690.0,674.2000122070312,677.7999877929688,1611862
2022-11-03,677.7999877929688,684.4000244140625,663.5999755859375,668.0,1277262
2022-11-04,675.0,697.5999755859375,670.3770141601562,680.0,1770876
2022-11-07,680.0,697.4000244140625,663.0,670.0,954220
2022-11-08,657.7999877929688,684.5999755859375,657.7999877929688,675.0,2335140
2022-11-09,639.0,650.2919921875,632.0,647.7999877929688,2319569
2022-11-10,645.5999755859375,650.5009765625,618.0,630.2000122070312,2498903
2022-11-11,642.0,648.2000122070312,626.4000244140625,642.0,1975562
2022-11-14,614.2000122070312,645.4000244140625,593.4000244140625,645.4000244140625,1994429
2022-11-15,608.2000122070312,626.3820190429688,595.5999755859375,610.5999755859375,1211671
2022-11-16,591.5999755859375,605.4000244140625,590.0,594.4000244140625,2202408
2022-11-17,595.2000122070312,601.4000244140625,583.7999877929688,592.2000122070312,1272251
2022-11-18,592.2000122070312,603.5999755859375,583.968017578125,597.2000122070312,1581767
2022-11-21,598.5999755859375,605.7999877929688,575.8159790039062,579.5999755859375,1172195
2022-11-22,607.5999755859375,610.4000244140625,596.5999755859375,599.0,1171185
2022-11-23,618.0,618.7999877929688,601.5999755859375,603.4000244140625,1293497
2022-11-24,620.7999877929688,626.5999755859375,612.0,620.0,958205
2022-11-25,625.5999755859375,630.4000244140625,610.7999877929688,613.2000122070312,979877
2022-11-28,631.7999877929688,634.0,615.2000122070312,622.0,1114318
2022-11-29,611.7999877929688,644.0,584.0,606.5999755859375,2396195
2022-11-30,646.7999877929688,658.2000122070312,614.4000244140625,617.7999877929688,2657245
2022-12-01,657.7999877929688,665.2000122070312,643.4000244140625,648.2000122070312,1233677
2022-12-02,657.7999877929688,670.0,645.2000122070312,645.2000122070312,2036116
2022-12-05,651.5999755859375,669.2000122070312,651.5999755859375,660.0,1413287
2022-12-06,659.7999877929688,665.0,646.9420166015625,651.0,1533847
2022-12-07,654.4000244140625,668.2000122070312,651.0,660.0,623938
2022-12-08,656.0,678.2000122070312,644.5579833984375,665.4000244140625,856567
2022-12-09,632.0,658.5999755859375,625.5999755859375,656.2000122070312,1287013
2022-12-12,650.0,652.4000244140625,624.5999755859375,629.5999755859375,971147
2022-12-13,644.2000122070312,670.2000122070312,637.4000244140625,637.4000244140625,1761651
2022-12-14,640.5999755859375,648.0,628.0,641.0,1463255
2022-12-15,609.2000122070312,636.0,609.2000122070312,626.7999877929688,2290174
2022-12-16,592.7999877929688,607.0,586.7999877929688,607.0,14997148
2022-12-19,569.7999877929688,599.4000244140625,569.7999877929688,590.0,1042249
2022-12-20,572.4000244140625,574.7999877929688,557.8619995117188,565.2000122070312,940828
2022-12-21,568.2000122070312,578.7999877929688,559.0,572.0,1439954
2022-12-22,545.0,565.0,531.4000244140625,565.0,2366071
2022-12-23,535.0,548.0,533.5999755859375,541.5999755859375,933559
2022-12-28,551.2000122070312,557.2000122070312,530.2000122070312,535.2000122070312,2940762
2022-12-29,567.5999755859375,571.4000244140625,545.7999877929688,549.4000244140625,1510944
2022-12-30,562.7999877929688,569.0,559.7999877929688,568.0,893847
2023-01-03,554.7999877929688,573.0,553.0,563.7999877929688,942583
2023-01-04,553.4000244140625,560.2000122070312,549.2000122070312,557.5999755859375,798048
2023-01-05,558.5999755859375,567.7999877929688,541.5999755859375,551.2000122070312,1136430
2023-01-06,563.2000122070312,573.2000122070312,550.7999877929688,557.4000244140625,712130
2023-01-09,576.5999755859375,580.5999755859375,562.0,562.0,580496
2023-01-10,591.4000244140625,608.6719970703125,572.02001953125,573.4000244140625,1285250
2023-01-11,611.4000244140625,615.0,590.5999755859375,592.0,1408622
2023-01-12,624.2000122070312,634.2000122070312,607.2000122070312,611.0,1548470
2023-01-13,639.4000244140625,653.5999755859375,622.5999755859375,623.2000122070312,1522784
2023-01-16,641.2000122070312,642.5999755859375,625.0,639.7999877929688,1619047
2023-01-17,575.0,642.0,567.7979736328125,613.4000244140625,2332188
2023-01-18,565.4000244140625,584.4000244140625,546.0,572.5999755859375,1471906
2023-01-19,549.4000244140625,567.7999877929688,549.4000244140625,562.0,733296
2023-01-20,547.2000122070312,552.7999877929688,538.4000244140625,549.2000122070312,646463
2023-01-23,527.4000244140625,547.7999877929688,524.4000244140625,547.0,1091018
2023-01-24,530.0,538.0,519.4000244140625,520.4000244140625,1540015
2023-01-25,514.0,535.0,510.3999938964844,530.7999877929688,1748194
2023-01-26,524.2000122070312,529.4739990234375,514.0,518.4000244140625,916005
2023-01-27,521.7999877929688,526.5999755859375,509.79998779296875,526.5999755859375,920130
2023-01-30,544.2000122070312,544.5999755859375,509.20001220703125,516.5999755859375,1218353
2023-01-31,542.0,546.0,525.2000122070312,540.0,1075749
2023-02-01,565.0,568.2000122070312,538.35400390625,541.2000122070312,1333461
2023-02-02,588.0,590.0,562.5999755859375,567.0,1908652
2023-02-03,598.2000122070312,598.2000122070312,573.2000122070312,573.7999877929688,1245697
2023-02-06,580.4000244140625,592.5399780273438,575.5999755859375,586.0,1617867
2023-02-07,576.2000122070312,583.9199829101562,567.4000244140625,574.4000244140625,1039634
2023-02-08,590.0,597.2000122070312,581.4000244140625,581.5999755859375,1546685
2023-02-09,600.5999755859375,613.5999755859375,588.68701171875,592.2000122070312,1039633
2023-02-10,589.7999877929688,601.0,587.7999877929688,596.2000122070312,1578641
2023-02-13,606.4000244140625,606.4000244140625,585.7639770507812,589.0,815187
2023-02-14,591.0,610.0,579.7999877929688,601.2000122070312,1096414
2023-02-15,599.0,603.5999755859375,587.4000244140625,591.5999755859375,636788
2023-02-16,589.5999755859375,610.0,588.0,601.7999877929688,777352
2023-02-17,581.7999877929688,589.4000244140625,562.2000122070312,580.7999877929688,714525
2023-02-20,570.7999877929688,585.5999755859375,568.4000244140625,585.5999755859375,1135710
2023-02-21,573.0,581.5999755859375,564.2000122070312,570.5999755859375,717009
2023-02-22,572.0,574.0,557.0,563.5999755859375,843494
2023-02-23,581.4000244140625,589.0,570.7999877929688,574.7999877929688,695121
2023-02-24,571.4000244140625,585.4000244140625,566.7999877929688,571.5999755859375,805476
2023-02-27,581.7999877929688,584.4000244140625,571.7999877929688,571.7999877929688,1587928
2023-02-28,585.7999877929688,590.2000122070312,575.4000244140625,580.5999755859375,1033214
2023-03-01,579.7999877929688,597.0,576.5999755859375,587.5999755859375,885154
2023-03-02,573.5999755859375,584.7999877929688,565.7999877929688,568.0,570888
2023-03-03,577.4000244140625,580.2030029296875,557.0,572.4000244140625,603329
2023-03-06,587.7999877929688,591.7999877929688,570.0,572.7999877929688,879955
2023-03-07,590.0,610.0,584.4000244140625,584.4000244140625,1433773
2023-03-08,586.2000122070312,590.5999755859375,573.4000244140625,584.5999755859375,616406
2023-03-09,595.0,599.4000244140625,578.0,582.7999877929688,1014873
2023-03-10,581.0,592.5759887695312,574.5999755859375,582.5999755859375,1108920
2023-03-13,515.0,592.4000244140625,488.0,579.7999877929688,5442553
2023-03-14,562.7999877929688,568.5999755859375,501.20001220703125,509.3999938964844,1861773
2023-03-15,525.0,557.7999877929688,521.0,555.0,1227524
2023-03-16,543.7999877929688,543.7999877929688,520.7999877929688,535.2000122070312,1268988
2023-03-17,552.0,559.5349731445312,543.0079956054688,545.0,3258950
2023-03-20,539.4000244140625,550.0,524.2000122070312,547.0,1117709
2023-03-21,553.2000122070312,565.7999877929688,539.5999755859375,542.0,1563060
2023-03-22,546.2000122070312,554.7069702148438,538.2000122070312,550.0,1117025
2023-03-23,555.0,560.4000244140625,539.4000244140625,544.5999755859375,2235607
2023-03-24,530.7999877929688,553.0,524.4000244140625,552.0,1457350
2023-03-27,526.7999877929688,542.7999877929688,526.4000244140625,538.5999755859375,882513
2023-03-28,532.0,540.7999877929688,515.7999877929688,531.4000244140625,1054319
2023-03-29,535.0,536.0,524.5999755859375,535.5999755859375,741465
2023-03-30,548.2000122070312,548.2000122070312,531.7999877929688,538.4000244140625,1161801
2023-03-31,543.7999877929688,551.4000244140625,539.0999755859375,542.7999877929688,1371942
2023-04-03,542.0,545.0,535.4000244140625,545.0,1512134
2023-04-04,538.5999755859375,552.7999877929688,533.0,544.5999755859375,1338928
2023-04-05,539.0,545.2000122070312,529.0,535.7999877929688,1151304
2023-04-06,551.0,558.7999877929688,534.2000122070312,536.7999877929688,1421696
2023-04-11,555.5999755859375,559.0,537.4000244140625,548.0,1126282
2023-04-12,550.0,565.0,548.2000122070312,556.0,1300959
2023-04-13,563.2000122070312,566.5999755859375,545.5999755859375,550.0,2412750
2023-04-14,582.5999755859375,593.0,560.5999755859375,560.5999755859375,1252270
2023-04-17,585.4000244140625,599.0,582.0,582.4000244140625,1723495
2023-04-18,540.0,543.7999877929688,490.0,529.0,7484264
2023-04-19,552.7999877929688,577.280029296875,530.4000244140625,530.4000244140625,2586318
2023-04-20,560.0,562.5999755859375,547.77001953125,549.7999877929688,1581187
2023-04-21,571.0,571.0,551.4000244140625,555.2000122070312,3414280
2023-04-24,563.0,571.7999877929688,560.7999877929688,563.4000244140625,973158
2023-04-25,551.5999755859375,567.7999877929688,537.4000244140625,557.5999755859375,939645
2023-04-26,546.5999755859375,555.0,539.5999755859375,546.4000244140625,921687
2023-04-27,558.7999877929688,560.0,538.8480224609375,543.0,1318508
2023-04-28,550.0,570.7999877929688,544.5999755859375,559.2000122070312,984093
2023-05-02,534.5999755859375,560.7999877929688,534.0,550.7999877929688,814843
2023-05-03,535.0,539.4000244140625,528.7999877929688,530.0,794492
2023-05-04,532.0,535.4000244140625,515.4000244140625,530.7999877929688,909926
2023-05-05,540.4000244140625,545.5999755859375,534.0430297851562,535.4000244140625,903275
2023-05-09,541.7999877929688,543.2000122070312,530.0,533.0,1995209
2023-05-10,559.0,569.0,536.0,540.0,1358056
2023-05-11,564.0,575.5999755859375,560.2000122070312,562.2000122070312,819608
2023-05-12,588.2000122070312,600.0,567.5999755859375,577.0,4068535
2023-05-15,587.2000122070312,597.2000122070312,587.0,588.2000122070312,1338327
2023-05-16,579.2000122070312,595.7999877929688,576.4000244140625,587.0,2397578
2023-05-17,594.4000244140625,598.5999755859375,576.4000244140625,578.7999877929688,2181941
2023-05-18,595.0,599.0,582.0,597.4000244140625,1761745
2023-05-19,599.5999755859375,610.2000122070312,589.0,595.5999755859375,1518037
2023-05-22,577.4000244140625,600.7999877929688,569.2000122070312,600.0,1322372
2023-05-23,591.2000122070312,597.4000244140625,572.7999877929688,576.7999877929688,1150326
2023-05-24,551.4000244140625,580.5999755859375,551.4000244140625,580.5999755859375,1992818
2023-05-25,553.5999755859375,560.2000122070312,546.2000122070312,554.0,1346209
2023-05-26,541.0,555.7999877929688,533.7999877929688,554.7999877929688,1923498
2023-05-30,536.0,558.4000244140625,536.0,549.4000244140625,3485733
2023-05-31,580.4000244140625,580.4000244140625,513.2000122070312,529.0,67870747
2023-06-01,587.5999755859375,598.0,571.0,572.0,2779097
2023-06-02,606.0,612.4000244140625,586.4000244140625,590.0,3657578
2023-06-05,604.0,615.9979858398438,595.5999755859375,603.4000244140625,1941069
2023-06-06,604.7999877929688,611.4000244140625,590.2000122070312,598.4000244140625,2109662
2023-06-07,605.5999755859375,611.7999877929688,597.5999755859375,603.0,2263080
2023-06-08,604.4000244140625,607.7999877929688,587.0,595.0,1691962
2023-06-09,605.0,609.4000244140625,601.0,605.7999877929688,1938287
2023-06-12,610.0,613.2000122070312,601.5800170898438,607.5999755859375,959760
2023-06-13,622.0,626.0,608.4000244140625,614.4000244140625,1205743
2023-06-14,620.0,623.2000122070312,615.2000122070312,621.4000244140625,2204438
2023-06-15,619.2000122070312,625.2000122070312,614.3280029296875,616.4000244140625,813472
2023-06-16,618.0,629.4000244140625,610.2000122070312,617.7999877929688,4250987
2023-06-19,596.4000244140625,615.5999755859375,593.2000122070312,612.0,1293846
2023-06-20,586.5999755859375,600.0,585.5999755859375,591.4000244140625,1162301
2023-06-21,559.4000244140625,581.0,558.5999755859375,576.4000244140625,1756899
2023-06-22,537.5999755859375,555.7999877929688,537.5999755859375,552.2000122070312,2205222
2023-06-23,529.2000122070312,547.5999755859375,526.5999755859375,533.4000244140625,2539820
2023-06-26,525.4000244140625,536.5999755859375,516.7999877929688,531.4000244140625,2211865
2023-06-27,611.4000244140625,636.7999877929688,576.4000244140625,580.4000244140625,3269041
2023-06-28,641.4000244140625,643.5999755859375,607.2000122070312,611.2000122070312,4997715
2023-06-29,665.0,665.7999877929688,634.0,635.0,3328673
2023-06-30,657.2000122070312,666.4000244140625,641.5999755859375,661.4000244140625,2856251
2023-07-03,641.0,652.7999877929688,622.4000244140625,635.4000244140625,1489805
2023-07-04,641.5999755859375,649.0,636.9119873046875,641.7999877929688,972620
2023-07-05,625.0,648.7999877929688,620.7999877929688,637.2000122070312,886557
2023-07-06,606.7999877929688,631.2000122070312,604.7999877929688,620.5999755859375,1853290
2023-07-07,628.7999877929688,631.0,604.2000122070312,604.4000244140625,1127337
2023-07-10,634.5999755859375,640.0,620.0,620.0,1392123
2023-07-11,650.0,654.0,635.0,639.0,2502339
2023-07-12,661.5999755859375,663.7999877929688,639.2000122070312,648.0,908548
2023-07-13,668.5999755859375,670.2000122070312,654.4000244140625,658.0,1778044
2023-07-14,674.7999877929688,679.2000122070312,656.7999877929688,665.0,4047056
2023-07-17,672.2000122070312,678.6019897460938,662.7999877929688,666.7999877929688,1131383
2023-07-18,712.0,712.0,655.7999877929688,655.7999877929688,3390787
2023-07-19,754.0,756.0,705.0,705.0,2673387
2023-07-20,755.4000244140625,759.7999877929688,741.2000122070312,741.5999755859375,2330042
2023-07-21,758.2000122070312,759.7999877929688,732.2000122070312,753.5999755859375,1393252
2023-07-24,762.4000244140625,763.2000122070312,743.4000244140625,744.2000122070312,1318610
2023-07-25,767.2000122070312,770.2000122070312,744.2000122070312,750.0,1469705
2023-07-26,762.0,772.5999755859375,752.4000244140625,760.2000122070312,1051463
2023-07-27,767.0,777.4000244140625,760.2000122070312,761.2000122070312,917369
2023-07-28,778.0,778.0,757.7999877929688,761.5999755859375,735656
2023-07-31,777.2000122070312,778.7999877929688,756.0,774.2000122070312,1161565
2023-08-01,775.0,777.4000244140625,758.7999877929688,771.4000244140625,1053388
2023-08-02,774.0,774.2000122070312,750.0,754.2000122070312,1679483
2023-08-03,761.7999877929688,773.5999755859375,758.5490112304688,769.2000122070312,738708
2023-08-04,759.5999755859375,764.2000122070312,749.0,760.0,931608
2023-08-07,753.0,762.2030029296875,745.7999877929688,748.7999877929688,757751
2023-08-08,741.0,758.4000244140625,740.0,747.4000244140625,1067356
2023-08-09,739.2000122070312,757.7999877929688,739.2000122070312,751.7999877929688,736488
2023-08-10,721.7999877929688,745.0,720.5999755859375,738.5999755859375,1453708
2023-08-11,714.7999877929688,722.0,706.2000122070312,715.0,1253573
2023-08-14,714.0,715.7999877929688,701.2000122070312,708.0,1288415
2023-08-15,707.7999877929688,713.5999755859375,699.0,707.0,886689
2023-08-16,702.4000244140625,705.7999877929688,683.2000122070312,700.0,1905872
2023-08-17,682.7999877929688,697.5999755859375,680.0,690.0,1097305
2023-08-18,663.0,680.2000122070312,649.7999877929688,680.2000122070312,1703848
2023-08-21,649.7999877929688,667.7999877929688,648.7999877929688,665.5999755859375,1253740
2023-08-22,653.7999877929688,660.7999877929688,648.2000122070312,660.0,1311488
2023-08-23,654.7999877929688,657.0,640.0,650.0,562162
2023-08-24,649.2000122070312,663.7999877929688,645.2000122070312,658.5999755859375,546764
2023-08-25,639.5999755859375,652.5999755859375,638.7999877929688,645.5999755859375,919554
2023-08-29,649.5999755859375,652.2000122070312,638.7999877929688,647.5999755859375,2053861
2023-08-30,643.2000122070312,656.5999755859375,640.7999877929688,653.2000122070312,1042844
2023-08-31,640.2000122070312,653.4000244140625,607.0,649.5999755859375,5879552
2023-09-01,638.4000244140625,649.0,625.4000244140625,649.0,3071586
2023-09-04,647.5999755859375,650.0,632.0,634.5999755859375,642027
2023-09-05,650.5999755859375,652.4000244140625,641.5999755859375,646.5999755859375,1167441
2023-09-06,645.5999755859375,655.4000244140625,641.6630249023438,643.4000244140625,1014981
2023-09-07,640.0,647.4000244140625,634.0,642.4000244140625,1571897
2023-09-08,652.5999755859375,655.0,628.5999755859375,641.7999877929688,945787
2023-09-11,680.0,682.0,651.2000122070312,653.4000244140625,1348146
2023-09-12,687.2000122070312,696.4000244140625,673.7999877929688,683.7999877929688,1226339
2023-09-13,693.0,702.7999877929688,684.2000122070312,685.0,1795885
2023-09-14,692.7999877929688,694.7999877929688,674.0,691.5999755859375,1162892
2023-09-15,718.4000244140625,718.4000244140625,698.5999755859375,706.2000122070312,5194256
2023-09-18,702.4000244140625,719.7999877929688,700.5999755859375,712.5999755859375,1048652
2023-09-19,674.0,699.5999755859375,661.2999877929688,698.2000122070312,1389886
2023-09-20,680.0,690.5999755859375,674.5999755859375,675.0,1195727
2023-09-21,669.5999755859375,679.5999755859375,663.2000122070312,672.7999877929688,886792
2023-09-22,695.5999755859375,710.0,665.7999877929688,672.2000122070312,1441299
2023-09-25,669.0,694.0,656.0,692.2000122070312,916494
2023-09-26,658.4000244140625,671.0,656.0,663.7999877929688,832725
2023-09-27,663.2000122070312,673.4000244140625,656.4000244140625,660.0,773928
2023-09-28,657.2000122070312,663.7999877929688,641.5999755859375,656.7999877929688,669732
2023-09-29,685.5999755859375,688.7999877929688,651.5999755859375,660.4000244140625,1271756
2023-10-02,664.4000244140625,691.4000244140625,659.5999755859375,683.4000244140625,1773985
2023-10-03,661.0,671.7999877929688,653.4000244140625,661.4000244140625,1268040
2023-10-04,685.0,687.7999877929688,657.2000122070312,659.0,826392
2023-10-05,670.4000244140625,689.0,669.0,683.0,1380518
2023-10-06,694.7999877929688,699.4000244140625,665.2000122070312,672.5999755859375,941673
2023-10-09,689.5999755859375,705.5999755859375,683.4000244140625,689.5999755859375,1246785
2023-10-10,712.0,717.5999755859375,689.2000122070312,696.5999755859375,992575
2023-10-11,720.2000122070312,724.5999755859375,700.0,700.0,1283346
2023-10-12,724.5999755859375,756.4000244140625,717.7999877929688,742.2000122070312,2340640
2023-10-13,700.0,728.7999877929688,694.0999755859375,710.0,1415260
2023-10-16,681.4000244140625,696.4000244140625,671.4000244140625,690.2000122070312,1037326
2023-10-17,693.7999877929688,698.4000244140625,675.0,679.7999877929688,1079670
2023-10-18,695.5999755859375,700.0,680.7999877929688,685.5999755859375,1038160
2023-10-19,692.4000244140625,695.4000244140625,680.2000122070312,684.4000244140625,168989
2023-10-20,672.2000122070312,684.4000244140625,666.0,681.4000244140625,845930
2023-10-23,684.4000244140625,687.2000122070312,660.5999755859375,670.2000122070312,511400
2023-10-24,675.0,689.0,670.4000244140625,681.2000122070312,1552633
2023-10-25,670.0,681.5999755859375,662.2000122070312,673.0,776530
2023-10-26,647.2000122070312,659.2000122070312,636.4000244140625,653.2000122070312,856691
2023-10-27,651.4000244140625,653.4000244140625,633.5999755859375,634.4000244140625,754711
2023-10-30,660.7999877929688,671.4000244140625,648.7999877929688,652.0,2514915
2023-10-31,665.5999755859375,680.5999755859375,658.5999755859375,669.4000244140625,1574718
2023-11-01,670.0,676.2000122070312,656.4000244140625,671.7999877929688,599765
2023-11-02,673.0,697.4000244140625,666.0,679.7999877929688,1739183
2023-11-03,678.0,687.2000122070312,666.5999755859375,673.0,623906
2023-11-06,672.4000244140625,699.2000122070312,669.4000244140625,677.4000244140625,1236109
2023-11-07,690.2000122070312,698.3920288085938,665.2000122070312,669.7999877929688,682896
2023-11-08,682.7999877929688,692.5999755859375,679.2000122070312,686.2000122070312,1105776
2023-11-09,691.5999755859375,696.0,679.2000122070312,681.4000244140625,1179419
2023-11-10,672.5999755859375,696.4000244140625,672.0,687.2000122070312,1351412
2023-11-13,688.5999755859375,704.5999755859375,668.7999877929688,682.0,2355508
2023-11-14,722.5999755859375,722.5999755859375,676.2000122070312,700.0,4817589
2023-11-15,716.5999755859375,727.2000122070312,685.2000122070312,706.2000122070312,2162301
2023-11-16,701.2000122070312,721.2000122070312,698.5999755859375,721.2000122070312,841274
2023-11-17,714.5999755859375,718.0,690.0,694.0,1143262
2023-11-20,725.2000122070312,725.7999877929688,705.0,708.5999755859375,1523139
2023-11-21,738.4000244140625,748.4000244140625,720.7999877929688,727.7999877929688,1925124
2023-11-22,755.4000244140625,759.5999755859375,731.4000244140625,735.0,1442483
2023-11-23,761.5999755859375,768.2000122070312,750.7999877929688,757.0,1033101
2023-11-24,768.4000244140625,772.4000244140625,751.0,756.5999755859375,800936
2023-11-27,770.7999877929688,784.2000122070312,765.4000244140625,768.5999755859375,1815423
2023-11-28,781.7999877929688,786.2000122070312,765.5999755859375,770.2000122070312,1390672
2023-11-29,781.2000122070312,796.7999877929688,779.4000244140625,786.4000244140625,1674558
2023-11-30,780.7999877929688,785.2000122070312,774.2000122070312,779.7999877929688,4584041
2023-12-01,789.7999877929688,792.5999755859375,766.2000122070312,776.7999877929688,1299659
2023-12-04,783.4000244140625,801.5999755859375,778.5999755859375,793.0,1162982
2023-12-05,800.0,800.5999755859375,776.1699829101562,778.5999755859375,1439779
2023-12-06,807.4000244140625,814.4000244140625,795.2000122070312,800.0,1523095
2023-12-07,806.4000244140625,812.4000244140625,800.7999877929688,804.0,904829
2023-12-08,808.7999877929688,812.0,801.4000244140625,808.7999877929688,760012
2023-12-11,817.7999877929688,817.7999877929688,803.7999877929688,809.2000122070312,1371798
2023-12-12,827.0,830.2000122070312,796.2000122070312,817.5999755859375,1330807
2023-12-13,830.0,838.4600219726562,819.4000244140625,828.0,1671507
2023-12-14,830.0,868.4000244140625,830.0,842.0,2182099
2023-12-15,803.5999755859375,833.5999755859375,793.4000244140625,829.7999877929688,7332134
2023-12-18,825.2000122070312,826.2000122070312,794.2000122070312,799.0,2289692
2023-12-19,861.2000122070312,862.7999877929688,825.4000244140625,826.0,1375933
2023-12-20,874.2000122070312,879.0,856.0,863.5999755859375,1045798
2023-12-21,880.0,886.0,864.4000244140625,869.7999877929688,1886421
2023-12-22,871.7999877929688,885.8400268554688,871.0,878.7999877929688,323694
2023-12-27,878.2000122070312,885.0,865.5999755859375,871.0,802900
2023-12-28,882.4000244140625,890.0,865.5999755859375,880.2000122070312,470462
2023-12-29,874.0,887.5999755859375,873.5999755859375,884.5999755859375,851567
2024-01-02,846.4000244140625,856.0,805.4190063476562,856.0,1425147
2024-01-03,826.0,847.4000244140625,815.5999755859375,839.5999755859375,1297433
2024-01-04,840.0,841.7999877929688,821.5999755859375,826.0,1278210
2024-01-05,834.5999755859375,835.2000122070312,819.4000244140625,824.0,1041528
2024-01-08,845.5999755859375,849.5999755859375,831.4000244140625,834.0,649862
2024-01-09,862.5999755859375,868.5999755859375,861.2000122070312,850.0,1233297
2024-01-10,885.0,889.0,870.2000122070312,875.0,2613178
2024-01-11,888.4000244140625,905.7999877929688,886.5999755859375,890.0,1253781
2024-01-12,882.4000244140625,904.0,877.5999755859375,890.2000122070312,955249
2024-01-15,878.5999755859375,882.4000244140625,868.0,874.0,2628871
2024-01-16,884.5999755859375,891.0,848.4000244140625,860.5999755859375,2391773
2024-01-17,858.2000122070312,862.5999755859375,836.2000122070312,843.2000122070312,2158503
2024-01-18,855.5999755859375,862.7999877929688,844.7999877929688,858.0,1433564
2024-01-19,831.7999877929688,857.7999877929688,828.0,850.5999755859375,1388880
2024-01-22,832.7999877929688,851.4000244140625,828.7999877929688,836.2000122070312,1598806
2024-01-23,843.0,846.4000244140625,822.0,833.7999877929688,1407615
2024-01-24,844.4000244140625,857.7999877929688,838.5999755859375,850.0,2155860
2024-01-25,841.4000244140625,846.0,833.0,841.7999877929688,2312495
2024-01-26,838.2000122070312,842.0,827.0,842.0,901494
2024-01-29,819.7999877929688,836.5999755859375,819.7999877929688,823.2000122070312,1144340
2024-01-30,818.5999755859375,826.0,809.5999755859375,823.0,1456650
2024-01-31,809.7999877929688,825.0,807.0,821.5999755859375,1343725
2024-02-01,807.2000122070312,817.2000122070312,784.4000244140625,795.0,1192099
2024-02-02,825.0,837.2000122070312,818.0,821.7999877929688,2158609
2024-02-05,823.0,829.4000244140625,815.0,815.0,1608067
2024-02-06,832.7999877929688,835.0,818.5999755859375,825.2000122070312,875494
2024-02-07,835.7999877929688,844.2000122070312,823.2000122070312,826.7999877929688,1127023
2024-02-08,841.4000244140625,867.5999755859375,836.7999877929688,836.7999877929688,1306163
2024-02-09,857.5999755859375,863.7000122070312,841.4000244140625,841.4000244140625,1216207
2024-02-12,850.0,860.5999755859375,848.5999755859375,854.0,961918
2024-02-13,825.5999755859375,845.4000244140625,817.0,845.2000122070312,1074843
2024-02-14,832.4000244140625,843.2000122070312,823.4000244140625,826.5999755859375,2275958
2024-02-15,842.5999755859375,862.2000122070312,839.7999877929688,846.7999877929688,1206363
2024-02-16,850.0,850.0,836.7999877929688,836.7999877929688,1205323
2024-02-19,846.5999755859375,850.0,835.2000122070312,835.7999877929688,402883
2024-02-20,838.2000122070312,850.7999877929688,830.2000122070312,840.2000122070312,1350193
2024-02-21,841.0,843.7999877929688,830.0,836.0,758064
2024-02-22,850.4000244140625,861.4000244140625,846.7999877929688,848.0,938433
2024-02-23,859.0,859.7999877929688,845.5,850.2000122070312,762428
2024-02-26,870.0,876.7999877929688,851.5689697265625,854.5999755859375,858418
2024-02-27,885.7999877929688,888.7999877929688,861.5999755859375,867.7999877929688,1440618
2024-02-28,892.4000244140625,893.7999877929688,879.4000244140625,884.2000122070312,888620
2024-02-29,917.7999877929688,926.5999755859375,887.0,891.5999755859375,2985685
2024-03-01,924.2000122070312,930.0,906.7000122070312,925.7999877929688,1767517
2024-03-04,916.5999755859375,932.7999877929688,916.5999755859375,927.2000122070312,1159504
2024-03-05,909.0,923.4000244140625,907.7999877929688,914.5999755859375,673724
2024-03-06,902.5999755859375,908.0,892.2000122070312,908.0,798014
2024-03-07,909.5999755859375,915.0,894.4000244140625,895.2000122070312,1326612
2024-03-08,895.7999877929688,916.7940063476562,892.2000122070312,908.4000244140625,2835546
2024-03-11,897.5999755859375,902.2000122070312,883.4000244140625,890.0,766578
2024-03-12,908.5999755859375,912.7999877929688,895.0,900.0,992769
2024-03-13,910.7999877929688,921.9000244140625,905.5999755859375,906.4000244140625,994127
2024-03-14,908.4000244140625,908.4000244140625,859.5999755859375,894.5999755859375,1822584
2024-03-15,922.7999877929688,955.4000244140625,908.5999755859375,914.0,3925646
2024-03-18,945.2000122070312,952.5999755859375,917.5999755859375,921.5999755859375,1681483
2024-03-19,933.7999877929688,954.2000122070312,910.5999755859375,944.4000244140625,2036906
2024-03-20,954.0,958.7999877929688,929.301025390625,932.0,1199864
2024-03-21,978.2000122070312,978.7999877929688,950.0,964.2000122070312,1316426
2024-03-22,973.2000122070312,981.5999755859375,954.7999877929688,975.0,1465862
2024-03-25,935.2000122070312,970.0,935.2000122070312,970.0,2126097
2024-03-26,931.7999877929688,941.5999755859375,914.7999877929688,927.0,1973312
2024-03-27,922.2000122070312,940.5999755859375,922.2000122070312,933.7999877929688,1034643
2024-03-28,928.5999755859375,939.5999755859375,912.7999877929688,932.0,1146694
2024-04-02,925.5,944.0,919.5,935.5,1348653
2024-04-03,930.0,941.0,922.5,923.0,2378214
2024-04-04,937.5,937.5,929.5,936.0,2483196
2024-04-05,938.0,942.5,923.7509765625,924.5,720126
2024-04-08,946.5,946.5,930.0,939.0,1535536
2024-04-09,979.5,997.5,945.0,947.0,1457318
2024-04-10,963.0,986.5,953.0,980.5,1188060
2024-04-11,957.0,970.5,944.5,962.0,1017078
2024-04-12,946.0,976.5,945.0,965.5,1145650
2024-04-15,913.0,944.5,912.0,939.0,1758817
2024-04-16,822.5,857.0,800.0,820.0,3218843
2024-04-17,828.0,849.5,811.5,816.5,5119705
2024-04-18,810.0,833.0,794.0,828.0,2079366
2024-04-19,808.0,819.0,775.5,789.0,2120137
2024-04-22,801.0,818.0,786.0,810.0,1488228
2024-04-23,804.5,808.0,791.0,803.5,1336904
2024-04-24,793.0,808.5,788.5,801.5,1438376
2024-04-25,780.0,794.0,768.0,789.0,2085621
2024-04-26,789.0,793.0,776.0,785.0,1173104
2024-04-29,785.0,800.0,780.0,789.5,903748
2024-04-30,776.5,791.5,772.0,787.0,1655372
2024-05-01,773.5,784.0,765.5,774.0,667963
2024-05-02,787.5,792.5,761.0,766.0,855539
2024-05-03,787.0,799.5,782.5,788.5,675275
2024-05-07,803.5,804.5,785.0,786.0,1900346
2024-05-08,803.5,807.0,792.0,800.5,2321442
2024-05-09,790.5,812.0,790.5,803.0,845036
2024-05-10,798.5,803.0,782.5,788.5,826462
2024-05-13,791.5,803.5,783.0,797.5,636532
2024-05-14,788.0,800.0,780.5,791.0,579451
2024-05-15,791.5,797.0,783.0,789.5,717262
2024-05-16,787.0,798.5,784.5,790.5,622533
2024-05-17,793.0,798.0,782.0,782.0,649965
2024-05-20,788.0,798.5,785.5,791.5,923654
2024-05-21,794.5,814.5,783.0,793.5,929250
2024-05-22,799.0,814.0,792.5,794.0,1181583
2024-05-23,798.0,811.5,794.0,800.5,683157
2024-05-24,806.5,808.1400146484375,786.0,793.0,785332
2024-05-28,800.5,811.5,794.5,805.5,1947358
2024-05-29,792.0,807.0,786.0,798.5,1623801
2024-05-30,801.0,809.0,787.0,791.5,834888
2024-05-31,814.5,821.0,796.5,804.0,4865896
2024-06-03,815.5,822.0,809.5,816.5,756103
2024-06-04,812.5,824.0,810.5,816.0,1092220
2024-06-05,833.5,841.35400390625,812.5,814.0,1156533
2024-06-06,849.5,860.5,828.0,836.5,749697
2024-06-07,854.0,860.0,844.0,850.0,3726121
2024-06-10,833.0,860.4760131835938,832.7999877929688,847.5,1609736
2024-06-11,840.5,851.0,834.5,837.0,2600719
2024-06-12,843.5,854.3200073242188,831.0,846.0,2438550
2024-06-13,746.5,775.5,646.0,700.0,8252645
2024-06-14,713.5,745.0,708.5,730.0,4593149
2024-06-17,690.0,715.0,682.5,713.5,2748071
2024-06-18,694.5,702.5,687.5,697.0,1270672
2024-06-19,690.0,694.0,674.0,692.5,1567259
2024-06-20,685.5,694.5,674.0,687.0,1975598
2024-06-21,681.0,694.5,678.5,690.0,4487479
2024-06-24,686.5,686.5,661.0,670.0,1419497
2024-06-25,682.5,691.0,677.0,682.0,2420860
2024-06-26,689.5,690.5,681.0,683.5,1166803
2024-06-27,685.0,694.0,676.0,682.5,2813316
2024-06-28,681.5,693.5,664.0,682.0,2400100
2024-07-01,698.5,700.0,675.0,680.0,1422436
2024-07-02,704.0,707.0,691.5,695.0,1609745
2024-07-03,726.0,730.5,699.5,708.0,1184664
2024-07-04,727.0,732.5,721.5,727.0,886836
2024-07-05,742.5,752.0,722.5,732.0,3190845
2024-07-08,744.5,756.5,722.5,740.0,1402030
2024-07-09,721.5,747.0,721.5,743.0,2012610
2024-07-10,729.0,733.0,716.0,720.5,3574447
2024-07-11,757.0,757.0,724.5,739.0,2017092
2024-07-12,761.5,763.5,746.0,760.0,1298686
2024-07-15,747.0,766.5,747.0,756.5,3198164
2024-07-16,796.0,798.5,760.0,771.5,3797805
2024-07-17,787.0,805.0,777.5,786.5,2287555
2024-07-18,792.5,797.0,771.5,776.5,1840457
2024-07-19,786.5,794.0,768.5,788.5,2006993
2024-07-22,783.0,793.0,775.75,786.5,948677
2024-07-23,769.5,788.0,769.5,777.5,1535216
2024-07-24,751.0,768.5,740.0,761.0,1249943
2024-07-25,712.0,741.5,558.0,738.5,3534948
2024-07-26,723.0,733.5,705.5,712.0,817244
2024-07-29,716.5,743.5,716.5,723.5,869765
2024-07-30,720.0,737.0,715.0,718.5,735034
2024-07-31,716.5,737.0,714.5,729.5,1756797
2024-08-02,670.0,699.5,668.0,692.5,1391015
2024-08-05,657.0,657.5,629.0,649.5,1411126
2024-08-06,654.0,672.5,647.5,664.0,1216236
2024-08-07,674.5,683.1849975585938,658.0,659.5,1746224
2024-08-08,671.0,687.0,662.5,669.5,721819
2024-08-09,685.5,685.5,670.5,671.0,831716
2024-08-12,685.0,694.0,679.0,687.5,1791798
2024-08-13,700.0,700.5,686.5,690.0,691490
2024-08-14,693.5,709.5,686.5,703.5,1273718
2024-08-15,708.0,709.0,692.0,700.0,685322
2024-08-16,716.5,724.0,695.5,710.0,981975
2024-08-19,720.0,729.0,714.5,714.5,598017
2024-08-20,713.0,726.5,713.0,719.0,456712
2024-08-21,715.0,722.5,709.0,712.0,1246879
2024-08-22,713.0,723.0,698.0,714.0,410979
2024-08-23,711.0,719.5,706.0,712.5,511337
2024-08-27,711.5,721.0,709.5,713.0,864804
2024-08-28,690.0,713.5,690.0,713.0,1025590
2024-08-29,702.0,702.0,682.0,688.0,1130379
2024-08-30,704.5,710.0,698.0,701.0,6655075
2024-09-02,699.0,710.0,693.0,707.0,553426
2024-09-03,692.5,702.5,688.0,697.0,956250
2024-09-04,679.5,700.5,671.0,685.0,975467
2024-09-05,657.0,679.5,657.0,676.5,1793467
2024-09-06,631.0,655.5,626.0,653.0,1944768
2024-09-09,631.5,647.0,631.0,634.0,1119857
2024-09-10,630.0,650.0,626.0999755859375,628.0,1129662
2024-09-11,631.5,652.5,627.0,634.0,1087381
2024-09-12,635.0,647.5,627.5,639.5,1275200
2024-09-13,646.0,646.0,635.0,635.5,898614
2024-09-16,630.0,645.0,624.5,642.0,1484020
2024-09-17,634.0,640.0,630.0,634.0,863521
2024-09-18,641.0,645.5,628.5,634.5,1451786
2024-09-19,670.5,675.5,645.0,645.5,1325885
2024-09-20,635.0,673.5,635.0,670.0,2467533
2024-09-23,640.0,645.5,629.5,634.0,1072282
2024-09-24,649.5,649.5,641.5,646.0,568489
2024-09-25,649.0,660.5,645.0,647.0,2033439
2024-09-26,667.5,673.0,656.5,658.0,897927
2024-09-27,662.0,675.0,655.0,670.5,1453962
2024-09-30,671.5,677.5,655.5,655.5,1469469
2024-10-01,656.0,672.0,652.0,667.5,2272277
2024-10-02,656.0,663.5,649.5,659.0,1584998
2024-10-03,654.0,660.0,646.0,657.5,676311
2024-10-04,654.0,662.0,649.5,653.0,758117
2024-10-07,658.0,665.5,651.0079956054688,658.0,1782979
2024-10-08,651.0,658.5,642.0,658.5,1442010
2024-10-09,658.5,664.5,651.0,653.5,903619
2024-10-10,656.0,661.0,647.0,651.5,1211812
2024-10-11,663.0,680.0,660.0,661.0,1055812
2024-10-14,678.5,678.5,651.0,656.0,2769313
2024-10-15,693.0,723.0,687.0,692.0,3072373
2024-10-16,693.5,702.0,693.5,696.0,1434015
2024-10-17,698.0,700.0,690.0,691.5,1753905
2024-10-18,709.0,709.0,694.0,694.0,1801217
2024-10-21,704.0,712.5,699.5,709.0,2784270
2024-10-22,721.5,722.0,700.0,702.5,1684481
2024-10-23,752.0,758.0,719.0,719.5,1752673
2024-10-24,753.0,765.0,747.0,750.5,614971
2024-10-25,735.0,750.0,734.5,746.5,1002600
2024-10-28,729.5,739.5,719.0,737.5,1336353
2024-10-29,713.0,732.5,707.5,718.0,1530059
2024-10-30,708.0,727.0,706.9520263671875,710.0,1147265
2024-10-31,706.0,709.0,697.0,702.0,1390814
2024-11-01,706.0,710.5,702.0,709.0,966804
2024-11-04,710.0,710.5,699.0,704.5,1193671
2024-11-05,770.5,777.4450073242188,715.5,718.5,2559380
2024-11-06,800.0,833.5,786.5,796.0,2340638
2024-11-07,820.0,835.0,804.0,813.5,1686667
2024-11-08,821.0,823.5,807.219970703125,810.0,1590983
2024-11-11,842.5,848.5,822.0,822.5,1590354
2024-11-12,841.0,848.1749877929688,819.5,833.0,2314156
2024-11-13,836.0,853.0,824.5,841.0,1608950
2024-11-14,841.0,851.5,831.0,833.5,911254
2024-11-15,837.0,846.0,829.5,830.5,1052895
2024-11-18,840.0,843.5,828.5,832.0,1230743
2024-11-19,836.5,846.0,821.5,840.0,834673
2024-11-20,843.5,846.5,834.0,835.5,1790293
2024-11-21,867.5,868.5,840.5,842.0,1354606
2024-11-22,871.0,878.6950073242188,862.5,870.5,1253862
2024-11-25,880.0,886.0,872.5,875.0,6676644
2024-11-26,872.5,875.5,859.5,866.5,1766220
2024-11-27,873.0,877.0,862.5,870.0,2787127
2024-11-28,881.0,884.0,871.4749755859375,873.0,661139
2024-11-29,882.0,884.5,871.0,876.0,1268583
2024-12-02,900.0,901.5,876.0,883.5,1372169
2024-12-03,901.0,906.8350219726562,891.5,891.5,1171171
2024-12-04,900.5,908.5,896.5,901.0,1518706
2024-12-05,920.0,923.0,899.5,900.5,1544197
2024-12-06,929.5,937.7249755859375,916.5,920.0,2343850
2024-12-09,936.0,942.5,919.5,930.0,4676485
2024-12-10,927.0,936.5,926.0,930.5,890994
2024-12-11,941.0,945.5,921.0,922.5,2005940
2024-12-12,938.0,946.0,928.5,942.0,1221723
2024-12-13,937.0,946.5,936.0,937.0,1252010
2024-12-16,941.5,942.0,912.0,931.5,1707508
2024-12-17,991.0,998.5,933.5,940.0,3588631
2024-12-18,1030.0,1052.0,1006.0,1011.0,3466130
2024-12-19,1031.0,1038.0,1010.0,1010.0,1522631
2024-12-20,1037.0,1041.0,1013.0,1021.0,3318556
2024-12-23,1045.0,1052.0,1031.0,1035.0,1545792
2024-12-24,1064.0,1065.0,1036.0,1049.0,352414
2024-12-27,1050.0,1064.0,1043.0,1064.0,838362
2024-12-30,1044.0,1059.0,1034.0,1049.0,985245
2024-12-31,1066.0,1066.0,1023.0,1027.0,513823
2025-01-02,1066.0,1077.0,1048.0,1063.0,1121874
2025-01-03,1096.0,1111.0,1043.0,1067.0,1510842
2025-01-06,1122.0,1140.0,1100.0,1102.0,1759035
2025-01-07,1119.0,1135.0,1112.0,1133.0,1298449
2025-01-08,1111.0,1126.0,1089.0,1115.0,1046828
2025-01-09,1117.0,1123.0,1085.0,1100.0,930871
2025-01-10,1084.0,1132.0,1082.0,1119.0,1813764
2025-01-13,1043.0,1089.0,1042.0,1080.0,2305816
2025-01-14,1043.0,1066.0,1030.0,1043.0,3222347
2025-01-15,1055.0,1063.0,1022.0,1042.0,1912475
2025-01-16,1044.0,1044.0,955.0,984.0,2329798
2025-01-17,1027.0,1050.0,1021.0,1048.0,1501249
2025-01-20,1025.0,1027.0,1003.0,1023.0,1407451
2025-01-21,1040.0,1042.0,1018.0,1028.0,1664303
2025-01-22,1064.0,1076.0,1037.0,1041.0,1496930
2025-01-23,1083.0,1086.0,1048.0,1048.0,1576684
2025-01-24,1097.0,1126.0,1082.0,1084.0,1557332
2025-01-27,1080.0,1093.0,1057.0,1081.0,1301564
2025-01-28,1094.0,1108.0,1078.0,1081.0,1033935
2025-01-29,1103.0,1110.0,1098.0,1100.0,801958
2025-01-30,1115.0,1123.0,1098.0,1098.0,744358
2025-01-31,1114.0,1125.0,1094.0,1109.0,1740926
2025-02-03,1104.0,1109.0,1057.0,1089.0,1799413
2025-02-04,1110.0,1118.0,1102.0,1105.0,1449012
2025-02-05,1125.0,1125.0,1096.0,1104.0,1994211
2025-02-06,1131.0,1135.0,1111.0040283203125,1125.0,1217156
2025-02-07,1088.0,1129.0,1083.0,1124.0,3483672
2025-02-10,1085.0,1099.0,1080.0,1092.56103515625,1129492
2025-02-11,1072.0,1088.0,1062.0,1083.0,1217049
2025-02-12,1067.0,1080.0,1020.3280029296875,1066.0,1111898
2025-02-13,1070.0,1078.0,1058.0,1069.0,1265476
2025-02-14,1060.0,1072.0,1056.0,1064.0,2537246
2025-02-17,1091.0,1095.0,1056.0,1059.0,807909
2025-02-18,1088.0,1106.0,1076.0,1097.0,913397
2025-02-19,1092.0,1110.0,1077.0,1085.0,1109197
2025-02-20,1075.0,1098.0,1063.0,1079.0,881394
2025-02-21,1018.0,1082.0,1004.0,1076.0,2658140
2025-02-24,1004.0,1022.0,988.5,1012.0,1423429
2025-02-25,984.0,1013.0,977.5,999.0,1161206
2025-02-26,1002.0,1007.0,987.0,989.0,1445415
2025-02-27,990.0,1009.0,973.5,1000.0,1678364
2025-02-28,992.5,999.0,966.5,977.0,2612864
2025-03-03,987.0,1001.2000122070312,972.9140014648438,994.0,2202856
2025-03-04,950.0,985.5,946.0,978.5,1655611
2025-03-05,963.0,977.0,949.0,970.0,1006760
2025-03-06,948.5,972.0,942.5,967.0,1283214
2025-03-07,934.0,949.0,918.5,938.0,872893
2025-03-10,906.0,942.0,894.5,942.0,1410377
2025-03-11,888.5,910.0,888.0,904.5,943969
2025-03-12,919.5,919.5,891.0,893.0,1414390
2025-03-13,912.5,917.0,902.5,913.5,1545714
2025-03-14,906.0,918.5,891.5,900.5,1263802
2025-03-17,915.5,918.5,904.5,915.0,2052427
2025-03-18,926.5,926.5,910.5,921.0,3520734
2025-03-19,946.0,948.5,919.5,924.5,1083910
2025-03-20,957.5,957.5,937.5,947.5,1323372
2025-03-21,953.5,956.5,941.0,954.0,1894100
2025-03-24,964.0,969.0,957.0,960.0,1743551
2025-03-25,962.0,971.0,953.5,964.0,807580
2025-03-26,964.5,989.0,945.0,966.5,2215285
2025-03-27,961.0,967.0,946.0,954.5,2031354
2025-03-28,950.0,963.5,944.0,955.5,958439
2025-03-31,945.0,979.0,940.5,949.0,1722865
2025-04-01,974.0,996.5,950.0,951.5,2930090
2025-04-02,984.0,989.5,961.5,971.5,1519333
2025-04-03,935.5,1046.0,930.5,999.0,2460606
2025-04-04,890.0,922.5,876.0,918.0,4034271
2025-04-07,872.5,919.7000122070312,830.5,853.5,2732148
2025-04-08,914.0,928.0,883.5,887.5,1714576
2025-04-09,896.5,912.5,875.5,888.5,2257224
2025-04-10,935.0,981.0,929.5,951.5,1485430
2025-04-11,913.5,939.0,902.0,928.5,1316046
2025-04-14,955.0,959.0,906.0,919.0,2581975
2025-04-15,971.0,971.0,936.0,943.0,1815152
2025-04-16,968.0,969.5,948.5,961.5,992097
2025-04-17,962.5,989.22998046875,950.0,961.0,1006191
2025-04-22,958.0,960.0,927.5,927.5,924896
2025-04-23,967.0,982.0,952.5,964.5,2856542
2025-04-24,969.0,969.0,941.0,962.5,1814611
2025-04-25,968.5,989.4949951171875,956.5,966.0,2588209
2025-04-28,967.5,976.0,947.5,962.0,797270
2025-04-29,988.0,989.0,960.0,961.5,1158410
2025-04-30,978.5,993.0,964.5,982.5,1690120
2025-05-01,995.0,995.0,966.0,970.0,862597
2025-05-02,1029.0,1034.0,986.5,996.5,1245534
2025-05-06,1030.0,1055.0,1012.0,1037.0,1792118
2025-05-07,1021.0,1043.0,1008.0,1021.0,1015503
2025-05-08,1034.0,1046.0,1024.0,1032.0,1226254
2025-05-09,1039.0,1046.0,1034.0,1039.0,911957
2025-05-12,1039.0,1053.0,1018.0,1037.0,1143842
2025-05-13,1054.0,1057.0,1029.0,1035.0,1028119
2025-05-14,1055.0,1064.0,1037.0,1056.0,1771312
2025-05-15,1079.0,1095.0,1051.0,1055.0,2987700
2025-05-16,1076.0,1090.0,1072.0,1085.0,1232372
2025-05-19,1078.0,1080.0,1069.0,1071.0,27142
